seed,candidate_set_size,scoring_mode,block_size,epsilon,use_cert,accuracy,runtime_seconds,status,error
0,2500,endpoint,1000,0.05,none,0.7782608866691589,32.688430370762944,ok,
0,2500,endpoint,1000,0.05,accuracy_drop_selector_with_resampling,0.7620553374290466,35.897368339821696,ok,
0,2500,endpoint,1000,0.1,none,0.768774688243866,32.96034329384565,ok,
0,2500,endpoint,1000,0.1,accuracy_drop_selector_with_resampling,0.7584980130195618,35.90764436125755,ok,
0,2500,endpoint,2000,0.05,none,0.7565217614173889,34.08607362397015,ok,
0,2500,endpoint,2000,0.05,accuracy_drop_selector_with_resampling,0.7458497881889343,36.806962655857205,ok,
0,2500,endpoint,2000,0.1,none,0.730434775352478,34.39903143234551,ok,
0,2500,endpoint,2000,0.1,accuracy_drop_selector_with_resampling,0.7201581001281738,36.89163957722485,ok,
0,2500,endpoint,2000,0.2,none,0.7209486365318298,34.37886670790613,ok,
0,2500,endpoint,2000,0.2,accuracy_drop_selector_with_resampling,0.7189723253250122,36.99163349159062,ok,
0,2500,endpoint,4000,0.05,none,0.7324110865592957,33.59312323667109,ok,
0,2500,endpoint,4000,0.05,accuracy_drop_selector_with_resampling,0.7221344113349915,37.086190255358815,ok,
0,2500,endpoint,4000,0.1,none,0.6984189748764038,33.939221700653434,ok,
0,2500,endpoint,4000,0.1,accuracy_drop_selector_with_resampling,0.694861650466919,37.03429740667343,ok,
0,2500,endpoint,4000,0.2,none,0.6656126379966736,34.21883497387171,ok,
0,2500,endpoint,4000,0.2,accuracy_drop_selector_with_resampling,0.6699604988098145,37.703460371121764,ok,
0,2500,endpoint,10000,0.05,none,0.7090908885002136,34.98661609366536,ok,
0,2500,endpoint,10000,0.05,accuracy_drop_selector_with_resampling,0.7162055373191833,39.83543526940048,ok,
0,2500,endpoint,10000,0.1,none,0.6584980487823486,34.65966483019292,ok,
0,2500,endpoint,10000,0.1,accuracy_drop_selector_with_resampling,0.6735177636146545,38.62621412239969,ok,
0,2500,endpoint,10000,0.2,none,0.612252950668335,34.989596953615546,ok,
0,2500,endpoint,10000,0.2,accuracy_drop_selector_with_resampling,0.6288537383079529,39.20701384730637,ok,
0,5000,endpoint,1000,0.05,none,0.7782608866691589,33.42545369267464,ok,
0,5000,endpoint,1000,0.05,accuracy_drop_selector_with_resampling,0.760079026222229,35.896322356536984,ok,
0,5000,endpoint,1000,0.1,none,0.768774688243866,32.92370496504009,ok,
0,5000,endpoint,1000,0.1,accuracy_drop_selector_with_resampling,0.7561264634132385,35.501258285716176,ok,
0,5000,endpoint,2000,0.05,none,0.7565217614173889,33.97161835990846,ok,
0,5000,endpoint,2000,0.05,accuracy_drop_selector_with_resampling,0.7430830001831055,36.23375669121742,ok,
0,5000,endpoint,2000,0.1,none,0.7308300137519836,34.31534714624286,ok,
0,5000,endpoint,2000,0.1,accuracy_drop_selector_with_resampling,0.7154150009155273,37.27551147155464,ok,
0,5000,endpoint,2000,0.2,none,0.7225296497344971,34.33600213192403,ok,
0,5000,endpoint,2000,0.2,accuracy_drop_selector_with_resampling,0.708695650100708,36.87175941467285,ok,
0,5000,endpoint,4000,0.05,none,0.7324110865592957,33.43499012850225,ok,
0,5000,endpoint,4000,0.05,accuracy_drop_selector_with_resampling,0.7201581001281738,36.51064555160701,ok,
0,5000,endpoint,4000,0.1,none,0.6984189748764038,33.995945950970054,ok,
0,5000,endpoint,4000,0.1,accuracy_drop_selector_with_resampling,0.687747061252594,36.91961686499417,ok,
0,5000,endpoint,4000,0.2,none,0.6656126379966736,34.171638710424304,ok,
0,5000,endpoint,4000,0.2,accuracy_drop_selector_with_resampling,0.6671936511993408,37.73333299160004,ok,
0,5000,endpoint,10000,0.05,none,0.7090908885002136,34.93408516421914,ok,
0,5000,endpoint,10000,0.05,accuracy_drop_selector_with_resampling,0.7106719613075256,40.0808702968061,ok,
0,5000,endpoint,10000,0.1,none,0.6584980487823486,34.80730042979121,ok,
0,5000,endpoint,10000,0.1,accuracy_drop_selector_with_resampling,0.6711462736129761,39.18715190514922,ok,
0,5000,endpoint,10000,0.2,none,0.612252950668335,34.5845068898052,ok,
0,5000,endpoint,10000,0.2,accuracy_drop_selector_with_resampling,0.6324110627174377,39.54189058765769,ok,
0,10000,endpoint,1000,0.05,none,0.7782608866691589,33.557381408289075,ok,
0,10000,endpoint,1000,0.05,accuracy_drop_selector_with_resampling,0.7501976490020752,36.41315836086869,ok,
0,10000,endpoint,1000,0.1,none,0.768774688243866,33.66906102746725,ok,
0,10000,endpoint,1000,0.1,accuracy_drop_selector_with_resampling,0.7422924637794495,35.74749085307121,ok,
0,10000,endpoint,2000,0.05,none,0.7565217614173889,33.963426895439625,ok,
0,10000,endpoint,2000,0.05,accuracy_drop_selector_with_resampling,0.731225311756134,36.67257208377123,ok,
0,10000,endpoint,2000,0.1,none,0.730434775352478,34.40485489368439,ok,
0,10000,endpoint,2000,0.1,accuracy_drop_selector_with_resampling,0.7177865505218506,36.902539514005184,ok,
0,10000,endpoint,2000,0.2,none,0.7213438749313354,34.4125886335969,ok,
0,10000,endpoint,2000,0.2,accuracy_drop_selector_with_resampling,0.7063241004943848,36.83363019116223,ok,
0,10000,endpoint,4000,0.05,none,0.7324110865592957,33.313998902216554,ok,
0,10000,endpoint,4000,0.05,accuracy_drop_selector_with_resampling,0.717391312122345,36.668573370203376,ok,
0,10000,endpoint,4000,0.1,none,0.6984189748764038,33.9835106767714,ok,
0,10000,endpoint,4000,0.1,accuracy_drop_selector_with_resampling,0.6865612864494324,37.10134998522699,ok,
0,10000,endpoint,4000,0.2,none,0.6656126379966736,34.35850998573005,ok,
0,10000,endpoint,4000,0.2,accuracy_drop_selector_with_resampling,0.6671936511993408,37.34766288660467,ok,
0,10000,endpoint,10000,0.05,none,0.7090908885002136,34.8687220197171,ok,
0,10000,endpoint,10000,0.05,accuracy_drop_selector_with_resampling,0.7126482129096985,39.4589070584625,ok,
0,10000,endpoint,10000,0.1,none,0.6584980487823486,34.837614718824625,ok,
0,10000,endpoint,10000,0.1,accuracy_drop_selector_with_resampling,0.6592885255813599,39.678716557100415,ok,
0,10000,endpoint,10000,0.2,none,0.612252950668335,34.92069884389639,ok,
0,10000,endpoint,10000,0.2,accuracy_drop_selector_with_resampling,0.6154150366783142,39.5587486512959,ok,
1,2500,endpoint,1000,0.05,none,0.761660099029541,33.259151397272944,ok,
1,2500,endpoint,1000,0.05,accuracy_drop_selector_with_resampling,0.752964437007904,36.369685772806406,ok,
1,2500,endpoint,1000,0.1,none,0.7549406886100769,33.19090808741748,ok,
1,2500,endpoint,1000,0.1,accuracy_drop_selector_with_resampling,0.7482213377952576,35.83608457446098,ok,
1,2500,endpoint,2000,0.05,none,0.7339920997619629,33.19329018332064,ok,
1,2500,endpoint,2000,0.05,accuracy_drop_selector_with_resampling,0.7256916761398315,36.36618687398732,ok,
1,2500,endpoint,2000,0.1,none,0.7134387493133545,34.337227512151,ok,
1,2500,endpoint,2000,0.1,accuracy_drop_selector_with_resampling,0.7031620740890503,37.078079061582685,ok,
1,2500,endpoint,2000,0.2,none,0.6984189748764038,34.13438789919019,ok,
1,2500,endpoint,2000,0.2,accuracy_drop_selector_with_resampling,0.6916996240615845,36.8807558901608,ok,
1,2500,endpoint,4000,0.05,none,0.7063241004943848,33.93965106457472,ok,
1,2500,endpoint,4000,0.05,accuracy_drop_selector_with_resampling,0.7090908885002136,36.622812544927,ok,
1,2500,endpoint,4000,0.1,none,0.664426863193512,33.93669211678207,ok,
1,2500,endpoint,4000,0.1,accuracy_drop_selector_with_resampling,0.6798418760299683,36.83523812890053,ok,
1,2500,endpoint,4000,0.2,none,0.6343873739242554,34.44048100523651,ok,
1,2500,endpoint,4000,0.2,accuracy_drop_selector_with_resampling,0.6494070887565613,37.66005600243807,ok,
1,2500,endpoint,10000,0.05,none,0.6857707500457764,35.16903447173536,ok,
1,2500,endpoint,10000,0.05,accuracy_drop_selector_with_resampling,0.6897233128547668,39.55648195557296,ok,
1,2500,endpoint,10000,0.1,none,0.6316205263137817,34.74884765967727,ok,
1,2500,endpoint,10000,0.1,accuracy_drop_selector_with_resampling,0.64861661195755,39.031720792874694,ok,
1,2500,endpoint,10000,0.2,none,0.5770751237869263,34.93439125083387,ok,
1,2500,endpoint,10000,0.2,accuracy_drop_selector_with_resampling,0.6086956262588501,38.98928448371589,ok,
1,5000,endpoint,1000,0.05,none,0.761660099029541,33.341962948441505,ok,
1,5000,endpoint,1000,0.05,accuracy_drop_selector_with_resampling,0.7462450861930847,36.24968518689275,ok,
1,5000,endpoint,1000,0.1,none,0.7561264634132385,32.21330186352134,ok,
1,5000,endpoint,1000,0.1,accuracy_drop_selector_with_resampling,0.7355731129646301,35.579268250614405,ok,
1,5000,endpoint,2000,0.05,none,0.7339920997619629,33.432080099359155,ok,
1,5000,endpoint,2000,0.05,accuracy_drop_selector_with_resampling,0.7221344113349915,36.16553349047899,ok,
1,5000,endpoint,2000,0.1,none,0.7134387493133545,34.126350723207,ok,
1,5000,endpoint,2000,0.1,accuracy_drop_selector_with_resampling,0.7047430872917175,36.95393631607294,ok,
1,5000,endpoint,2000,0.2,none,0.6988142132759094,34.32347577251494,ok,
1,5000,endpoint,2000,0.2,accuracy_drop_selector_with_resampling,0.6980237364768982,37.09356134943664,ok,
1,5000,endpoint,4000,0.05,none,0.7063241004943848,33.96971933543682,ok,
1,5000,endpoint,4000,0.05,accuracy_drop_selector_with_resampling,0.708695650100708,37.077075995504856,ok,
1,5000,endpoint,4000,0.1,none,0.664426863193512,33.95601453632116,ok,
1,5000,endpoint,4000,0.1,accuracy_drop_selector_with_resampling,0.6664031744003296,36.8918245844543,ok,
1,5000,endpoint,4000,0.2,none,0.6343873739242554,34.33467544429004,ok,
1,5000,endpoint,4000,0.2,accuracy_drop_selector_with_resampling,0.6403161883354187,37.6912756934762,ok,
1,5000,endpoint,10000,0.05,none,0.6857707500457764,34.93683426827192,ok,
1,5000,endpoint,10000,0.05,accuracy_drop_selector_with_resampling,0.694861650466919,39.09269348718226,ok,
1,5000,endpoint,10000,0.1,none,0.6316205263137817,35.13686248473823,ok,
1,5000,endpoint,10000,0.1,accuracy_drop_selector_with_resampling,0.6407114863395691,39.73979496397078,ok,
1,5000,endpoint,10000,0.2,none,0.5766798257827759,34.752268224954605,ok,
1,5000,endpoint,10000,0.2,accuracy_drop_selector_with_resampling,0.5976284742355347,39.14162630960345,ok,
1,10000,endpoint,1000,0.05,none,0.761660099029541,33.66437610797584,ok,
1,10000,endpoint,1000,0.05,accuracy_drop_selector_with_resampling,0.7513834238052368,36.160617619752884,ok,
1,10000,endpoint,1000,0.1,none,0.7573122382164001,33.529363652691245,ok,
1,10000,endpoint,1000,0.1,accuracy_drop_selector_with_resampling,0.7462450861930847,36.48147488757968,ok,
1,10000,endpoint,2000,0.05,none,0.7339920997619629,33.11223682761192,ok,
1,10000,endpoint,2000,0.05,accuracy_drop_selector_with_resampling,0.7324110865592957,36.68420220166445,ok,
1,10000,endpoint,2000,0.1,none,0.7134387493133545,34.35931578092277,ok,
1,10000,endpoint,2000,0.1,accuracy_drop_selector_with_resampling,0.699999988079071,37.19731983356178,ok,
1,10000,endpoint,2000,0.2,none,0.6996047496795654,34.32193525694311,ok,
1,10000,endpoint,2000,0.2,accuracy_drop_selector_with_resampling,0.6944664120674133,37.151826694607735,ok,
1,10000,endpoint,4000,0.05,none,0.7063241004943848,33.9615450296551,ok,
1,10000,endpoint,4000,0.05,accuracy_drop_selector_with_resampling,0.7110671997070312,37.24089110083878,ok,
1,10000,endpoint,4000,0.1,none,0.665217399597168,34.21257623285055,ok,
1,10000,endpoint,4000,0.1,accuracy_drop_selector_with_resampling,0.6683794260025024,36.68079013749957,ok,
1,10000,endpoint,4000,0.2,none,0.6343873739242554,34.60966266691685,ok,
1,10000,endpoint,4000,0.2,accuracy_drop_selector_with_resampling,0.6411067247390747,37.90465425886214,ok,
1,10000,endpoint,10000,0.05,none,0.6857707500457764,35.26604660600424,ok,
1,10000,endpoint,10000,0.05,accuracy_drop_selector_with_resampling,0.6905138492584229,39.40420365333557,ok,
1,10000,endpoint,10000,0.1,none,0.6316205263137817,34.632180865854025,ok,
1,10000,endpoint,10000,0.1,accuracy_drop_selector_with_resampling,0.6383399367332458,39.83560010790825,ok,
1,10000,endpoint,10000,0.2,none,0.5766798257827759,34.682635894045234,ok,
1,10000,endpoint,10000,0.2,accuracy_drop_selector_with_resampling,0.5948616862297058,39.30113930627704,ok,
2,2500,endpoint,1000,0.05,none,0.7980237007141113,33.91360521502793,ok,
2,2500,endpoint,1000,0.05,accuracy_drop_selector_with_resampling,0.782608687877655,36.16270244307816,ok,
2,2500,endpoint,1000,0.1,none,0.7897233366966248,33.649674229323864,ok,
2,2500,endpoint,1000,0.1,accuracy_drop_selector_with_resampling,0.7762845754623413,36.10378600470722,ok,
2,2500,endpoint,2000,0.05,none,0.7644268870353699,33.29267797805369,ok,
2,2500,endpoint,2000,0.05,accuracy_drop_selector_with_resampling,0.7584980130195618,36.34205840155482,ok,
2,2500,endpoint,2000,0.1,none,0.7438735365867615,34.52856262214482,ok,
2,2500,endpoint,2000,0.1,accuracy_drop_selector_with_resampling,0.7403162121772766,36.925811149179935,ok,
2,2500,endpoint,2000,0.2,none,0.7343873381614685,32.91759244352579,ok,
2,2500,endpoint,2000,0.2,accuracy_drop_selector_with_resampling,0.7177865505218506,36.23714643903077,ok,
2,2500,endpoint,4000,0.05,none,0.7454545497894287,33.98632586747408,ok,
2,2500,endpoint,4000,0.05,accuracy_drop_selector_with_resampling,0.7363636493682861,36.89274953119457,ok,
2,2500,endpoint,4000,0.1,none,0.7023715376853943,33.69454702548683,ok,
2,2500,endpoint,4000,0.1,accuracy_drop_selector_with_resampling,0.6964426636695862,37.04095903225243,ok,
2,2500,endpoint,4000,0.2,none,0.6747035384178162,34.07149491086602,ok,
2,2500,endpoint,4000,0.2,accuracy_drop_selector_with_resampling,0.6723319888114929,37.724657606333494,ok,
2,2500,endpoint,10000,0.05,none,0.7221344113349915,35.21350627951324,ok,
2,2500,endpoint,10000,0.05,accuracy_drop_selector_with_resampling,0.7280632257461548,39.78407306596637,ok,
2,2500,endpoint,10000,0.1,none,0.6648221611976624,34.940135687589645,ok,
2,2500,endpoint,10000,0.1,accuracy_drop_selector_with_resampling,0.6762846112251282,40.0558198094368,ok,
2,2500,endpoint,10000,0.2,none,0.6071146130561829,34.69663425348699,ok,
2,2500,endpoint,10000,0.2,accuracy_drop_selector_with_resampling,0.6237154006958008,38.934149192646146,ok,
2,5000,endpoint,1000,0.05,none,0.7984189987182617,33.753364050760865,ok,
2,5000,endpoint,1000,0.05,accuracy_drop_selector_with_resampling,0.783399224281311,36.097681384533644,ok,
2,5000,endpoint,1000,0.1,none,0.7897233366966248,33.51726851053536,ok,
2,5000,endpoint,1000,0.1,accuracy_drop_selector_with_resampling,0.7758893370628357,35.96462148986757,ok,
2,5000,endpoint,2000,0.05,none,0.7644268870353699,33.379297114908695,ok,
2,5000,endpoint,2000,0.05,accuracy_drop_selector_with_resampling,0.7620553374290466,36.061862494796515,ok,
2,5000,endpoint,2000,0.1,none,0.7434782385826111,34.36632368154824,ok,
2,5000,endpoint,2000,0.1,accuracy_drop_selector_with_resampling,0.7411067485809326,37.36070412956178,ok,
2,5000,endpoint,2000,0.2,none,0.7339920997619629,34.41911298967898,ok,
2,5000,endpoint,2000,0.2,accuracy_drop_selector_with_resampling,0.7351778745651245,37.18121871165931,ok,
2,5000,endpoint,4000,0.05,none,0.7458497881889343,33.83040300756693,ok,
2,5000,endpoint,4000,0.05,accuracy_drop_selector_with_resampling,0.7363636493682861,37.45356644131243,ok,
2,5000,endpoint,4000,0.1,none,0.7023715376853943,33.67515997029841,ok,
2,5000,endpoint,4000,0.1,accuracy_drop_selector_with_resampling,0.707905113697052,36.94618139974773,ok,
2,5000,endpoint,4000,0.2,none,0.6747035384178162,34.29097283631563,ok,
2,5000,endpoint,4000,0.2,accuracy_drop_selector_with_resampling,0.6719367504119873,37.940236538648605,ok,
2,5000,endpoint,10000,0.05,none,0.7221344113349915,35.032119723036885,ok,
2,5000,endpoint,10000,0.05,accuracy_drop_selector_with_resampling,0.7280632257461548,39.547483153641224,ok,
2,5000,endpoint,10000,0.1,none,0.6648221611976624,34.74747962318361,ok,
2,5000,endpoint,10000,0.1,accuracy_drop_selector_with_resampling,0.6881422996520996,39.194169664755464,ok,
2,5000,endpoint,10000,0.2,none,0.6071146130561829,34.54191459156573,ok,
2,5000,endpoint,10000,0.2,accuracy_drop_selector_with_resampling,0.6418972611427307,39.58145727403462,ok,
2,10000,endpoint,1000,0.05,none,0.7980237007141113,33.287523997947574,ok,
2,10000,endpoint,1000,0.05,accuracy_drop_selector_with_resampling,0.7814229130744934,36.12534405104816,ok,
2,10000,endpoint,1000,0.1,none,0.7897233366966248,33.53384979069233,ok,
2,10000,endpoint,1000,0.1,accuracy_drop_selector_with_resampling,0.768774688243866,36.07144993543625,ok,
2,10000,endpoint,2000,0.05,none,0.7644268870353699,33.80839394964278,ok,
2,10000,endpoint,2000,0.05,accuracy_drop_selector_with_resampling,0.760079026222229,36.7503497954458,ok,
2,10000,endpoint,2000,0.1,none,0.7438735365867615,34.10483258403838,ok,
2,10000,endpoint,2000,0.1,accuracy_drop_selector_with_resampling,0.7450593113899231,37.092600924894214,ok,
2,10000,endpoint,2000,0.2,none,0.7332015633583069,34.6231401655823,ok,
2,10000,endpoint,2000,0.2,accuracy_drop_selector_with_resampling,0.7320157885551453,37.023560324683785,ok,
2,10000,endpoint,4000,0.05,none,0.7454545497894287,33.53449038416147,ok,
2,10000,endpoint,4000,0.05,accuracy_drop_selector_with_resampling,0.7450593113899231,36.83172557875514,ok,
2,10000,endpoint,4000,0.1,none,0.7023715376853943,34.15712272003293,ok,
2,10000,endpoint,4000,0.1,accuracy_drop_selector_with_resampling,0.7083004117012024,36.85778674855828,ok,
2,10000,endpoint,4000,0.2,none,0.6739130616188049,34.13060048781335,ok,
2,10000,endpoint,4000,0.2,accuracy_drop_selector_with_resampling,0.6739130616188049,37.35252094455063,ok,
2,10000,endpoint,10000,0.05,none,0.7221344113349915,35.518271546810865,ok,
2,10000,endpoint,10000,0.05,accuracy_drop_selector_with_resampling,0.7268774509429932,39.41383800469339,ok,
2,10000,endpoint,10000,0.1,none,0.6648221611976624,34.81028667464852,ok,
2,10000,endpoint,10000,0.1,accuracy_drop_selector_with_resampling,0.6719367504119873,40.24230250157416,ok,
2,10000,endpoint,10000,0.2,none,0.6071146130561829,34.44581413269043,ok,
2,10000,endpoint,10000,0.2,accuracy_drop_selector_with_resampling,0.6185770630836487,39.248317647725344,ok,
3,2500,endpoint,1000,0.05,none,0.7782608866691589,33.95947956107557,ok,
3,2500,endpoint,1000,0.05,accuracy_drop_selector_with_resampling,0.7715414762496948,36.11990715563297,ok,
3,2500,endpoint,1000,0.1,none,0.7758893370628357,33.41440409421921,ok,
3,2500,endpoint,1000,0.1,accuracy_drop_selector_with_resampling,0.7664031386375427,36.10706212744117,ok,
3,2500,endpoint,2000,0.05,none,0.7561264634132385,33.66640627197921,ok,
3,2500,endpoint,2000,0.05,accuracy_drop_selector_with_resampling,0.747035562992096,36.46062755398452,ok,
3,2500,endpoint,2000,0.1,none,0.7308300137519836,34.10922201350331,ok,
3,2500,endpoint,2000,0.1,accuracy_drop_selector_with_resampling,0.7249011993408203,37.13107305020094,ok,
3,2500,endpoint,2000,0.2,none,0.717391312122345,34.443308375775814,ok,
3,2500,endpoint,2000,0.2,accuracy_drop_selector_with_resampling,0.7185770869255066,37.06955892778933,ok,
3,2500,endpoint,4000,0.05,none,0.7252964377403259,33.8350912630558,ok,
3,2500,endpoint,4000,0.05,accuracy_drop_selector_with_resampling,0.7280632257461548,36.362399304285645,ok,
3,2500,endpoint,4000,0.1,none,0.6822134256362915,33.1239463314414,ok,
3,2500,endpoint,4000,0.1,accuracy_drop_selector_with_resampling,0.6873517632484436,35.98079030402005,ok,
3,2500,endpoint,4000,0.2,none,0.6517786383628845,33.25864929147065,ok,
3,2500,endpoint,4000,0.2,accuracy_drop_selector_with_resampling,0.6671936511993408,36.83935176022351,ok,
3,2500,endpoint,10000,0.05,none,0.708695650100708,35.003331020474434,ok,
3,2500,endpoint,10000,0.05,accuracy_drop_selector_with_resampling,0.716600775718689,40.11071249097586,ok,
3,2500,endpoint,10000,0.1,none,0.6517786383628845,35.1362385507673,ok,
3,2500,endpoint,10000,0.1,accuracy_drop_selector_with_resampling,0.6648221611976624,39.12031960487366,ok,
3,2500,endpoint,10000,0.2,none,0.5940711498260498,35.638548297807574,ok,
3,2500,endpoint,10000,0.2,accuracy_drop_selector_with_resampling,0.6201580762863159,39.66233481653035,ok,
3,5000,endpoint,1000,0.05,none,0.7782608866691589,33.866251876577735,ok,
3,5000,endpoint,1000,0.05,accuracy_drop_selector_with_resampling,0.7640316486358643,36.21481511555612,ok,
3,5000,endpoint,1000,0.1,none,0.7750988006591797,34.062262520194054,ok,
3,5000,endpoint,1000,0.1,accuracy_drop_selector_with_resampling,0.7584980130195618,36.21744115464389,ok,
3,5000,endpoint,2000,0.05,none,0.7561264634132385,34.04418709129095,ok,
3,5000,endpoint,2000,0.05,accuracy_drop_selector_with_resampling,0.7454545497894287,36.60983528755605,ok,
3,5000,endpoint,2000,0.1,none,0.7308300137519836,34.00379058718681,ok,
3,5000,endpoint,2000,0.1,accuracy_drop_selector_with_resampling,0.7245059013366699,36.720655243843794,ok,
3,5000,endpoint,2000,0.2,none,0.717391312122345,34.584269646555185,ok,
3,5000,endpoint,2000,0.2,accuracy_drop_selector_with_resampling,0.7142292261123657,36.88521311059594,ok,
3,5000,endpoint,4000,0.05,none,0.7252964377403259,33.791279047727585,ok,
3,5000,endpoint,4000,0.05,accuracy_drop_selector_with_resampling,0.7241106629371643,37.613234074786305,ok,
3,5000,endpoint,4000,0.1,none,0.6822134256362915,33.70865781977773,ok,
3,5000,endpoint,4000,0.1,accuracy_drop_selector_with_resampling,0.6841897368431091,37.02358225733042,ok,
3,5000,endpoint,4000,0.2,none,0.6521739363670349,34.17107736505568,ok,
3,5000,endpoint,4000,0.2,accuracy_drop_selector_with_resampling,0.6683794260025024,37.842767994850874,ok,
3,5000,endpoint,10000,0.05,none,0.708695650100708,34.46066283620894,ok,
3,5000,endpoint,10000,0.05,accuracy_drop_selector_with_resampling,0.7122529745101929,39.48181474022567,ok,
3,5000,endpoint,10000,0.1,none,0.6517786383628845,34.467566918581724,ok,
3,5000,endpoint,10000,0.1,accuracy_drop_selector_with_resampling,0.6616600751876831,38.54776421748102,ok,
3,5000,endpoint,10000,0.2,none,0.5940711498260498,33.74919880181551,ok,
3,5000,endpoint,10000,0.2,accuracy_drop_selector_with_resampling,0.613043487071991,38.63367525674403,ok,
3,10000,endpoint,1000,0.05,none,0.7782608866691589,32.87203995883465,ok,
3,10000,endpoint,1000,0.05,accuracy_drop_selector_with_resampling,0.761660099029541,34.89898519217968,ok,
3,10000,endpoint,1000,0.1,none,0.7747035622596741,32.489580979570746,ok,
3,10000,endpoint,1000,0.1,accuracy_drop_selector_with_resampling,0.7490118741989136,34.55194937624037,ok,
3,10000,endpoint,2000,0.05,none,0.7561264634132385,33.459773590788245,ok,
3,10000,endpoint,2000,0.05,accuracy_drop_selector_with_resampling,0.7474308013916016,34.7823834978044,ok,
3,10000,endpoint,2000,0.1,none,0.7308300137519836,33.996693728491664,ok,
3,10000,endpoint,2000,0.1,accuracy_drop_selector_with_resampling,0.7201581001281738,37.27014132030308,ok,
3,10000,endpoint,2000,0.2,none,0.717391312122345,34.03022619895637,ok,
3,10000,endpoint,2000,0.2,accuracy_drop_selector_with_resampling,0.7098814249038696,36.835792168974876,ok,
3,10000,endpoint,4000,0.05,none,0.7252964377403259,34.14401159621775,ok,
3,10000,endpoint,4000,0.05,accuracy_drop_selector_with_resampling,0.7229248881340027,36.73228376917541,ok,
3,10000,endpoint,4000,0.1,none,0.6822134256362915,33.18649384751916,ok,
3,10000,endpoint,4000,0.1,accuracy_drop_selector_with_resampling,0.6826087236404419,36.55655989050865,ok,
3,10000,endpoint,4000,0.2,none,0.6521739363670349,33.63208185322583,ok,
3,10000,endpoint,4000,0.2,accuracy_drop_selector_with_resampling,0.656521737575531,36.844383565708995,ok,
3,10000,endpoint,10000,0.05,none,0.708695650100708,34.35845269449055,ok,
3,10000,endpoint,10000,0.05,accuracy_drop_selector_with_resampling,0.7063241004943848,39.04696296155453,ok,
3,10000,endpoint,10000,0.1,none,0.6517786383628845,34.321692088618875,ok,
3,10000,endpoint,10000,0.1,accuracy_drop_selector_with_resampling,0.6600790619850159,38.75080423429608,ok,
3,10000,endpoint,10000,0.2,none,0.5940711498260498,34.279629243537784,ok,
3,10000,endpoint,10000,0.2,accuracy_drop_selector_with_resampling,0.6197628378868103,38.891694808378816,ok,
4,2500,endpoint,1000,0.05,none,0.7889328002929688,33.14060406759381,ok,
4,2500,endpoint,1000,0.05,accuracy_drop_selector_with_resampling,0.7754940986633301,35.82619868963957,ok,
4,2500,endpoint,1000,0.1,none,0.7794466614723206,33.3084066323936,ok,
4,2500,endpoint,1000,0.1,accuracy_drop_selector_with_resampling,0.7703557014465332,35.74124991521239,ok,
4,2500,endpoint,2000,0.05,none,0.7573122382164001,33.076199516654015,ok,
4,2500,endpoint,2000,0.05,accuracy_drop_selector_with_resampling,0.7490118741989136,36.52407008036971,ok,
4,2500,endpoint,2000,0.1,none,0.7328063249588013,33.90405431203544,ok,
4,2500,endpoint,2000,0.1,accuracy_drop_selector_with_resampling,0.7339920997619629,36.76393183507025,ok,
4,2500,endpoint,2000,0.2,none,0.7185770869255066,33.861472975462675,ok,
4,2500,endpoint,2000,0.2,accuracy_drop_selector_with_resampling,0.7237154245376587,36.83396388404071,ok,
4,2500,endpoint,4000,0.05,none,0.7308300137519836,33.67174880579114,ok,
4,2500,endpoint,4000,0.05,accuracy_drop_selector_with_resampling,0.7347826361656189,36.67007241398096,ok,
4,2500,endpoint,4000,0.1,none,0.6916996240615845,33.95701327174902,ok,
4,2500,endpoint,4000,0.1,accuracy_drop_selector_with_resampling,0.6976284384727478,36.428541131317616,ok,
4,2500,endpoint,4000,0.2,none,0.6577075123786926,34.096967961639166,ok,
4,2500,endpoint,4000,0.2,accuracy_drop_selector_with_resampling,0.6758893132209778,37.26633551903069,ok,
4,2500,endpoint,10000,0.05,none,0.7106719613075256,34.779267240315676,ok,
4,2500,endpoint,10000,0.05,accuracy_drop_selector_with_resampling,0.7158102989196777,38.84107052534819,ok,
4,2500,endpoint,10000,0.1,none,0.6608695387840271,34.08301434665918,ok,
4,2500,endpoint,10000,0.1,accuracy_drop_selector_with_resampling,0.6715415120124817,39.51764768920839,ok,
4,2500,endpoint,10000,0.2,none,0.603557288646698,34.736127234995365,ok,
4,2500,endpoint,10000,0.2,accuracy_drop_selector_with_resampling,0.6264821887016296,39.00227045454085,ok,
4,5000,endpoint,1000,0.05,none,0.7889328002929688,33.339185662567616,ok,
4,5000,endpoint,1000,0.05,accuracy_drop_selector_with_resampling,0.7731225490570068,35.55411976017058,ok,
4,5000,endpoint,1000,0.1,none,0.7794466614723206,33.456858940422535,ok,
4,5000,endpoint,1000,0.1,accuracy_drop_selector_with_resampling,0.7667984366416931,36.055780531838536,ok,
4,5000,endpoint,2000,0.05,none,0.7573122382164001,32.90641602687538,ok,
4,5000,endpoint,2000,0.05,accuracy_drop_selector_with_resampling,0.7490118741989136,36.38189705647528,ok,
4,5000,endpoint,2000,0.1,none,0.7324110865592957,33.85118226706982,ok,
4,5000,endpoint,2000,0.1,accuracy_drop_selector_with_resampling,0.7249011993408203,36.93278365768492,ok,
4,5000,endpoint,2000,0.2,none,0.7185770869255066,34.00884305126965,ok,
4,5000,endpoint,2000,0.2,accuracy_drop_selector_with_resampling,0.7106719613075256,36.91493418253958,ok,
4,5000,endpoint,4000,0.05,none,0.7308300137519836,33.659300511702895,ok,
4,5000,endpoint,4000,0.05,accuracy_drop_selector_with_resampling,0.7264822125434875,36.702918672934175,ok,
4,5000,endpoint,4000,0.1,none,0.6916996240615845,33.79241535067558,ok,
4,5000,endpoint,4000,0.1,accuracy_drop_selector_with_resampling,0.6897233128547668,36.50410811603069,ok,
4,5000,endpoint,4000,0.2,none,0.6577075123786926,33.938992746174335,ok,
4,5000,endpoint,4000,0.2,accuracy_drop_selector_with_resampling,0.6561264991760254,37.254743142053485,ok,
4,5000,endpoint,10000,0.05,none,0.7106719613075256,33.10766405425966,ok,
4,5000,endpoint,10000,0.05,accuracy_drop_selector_with_resampling,0.716600775718689,39.18685141578317,ok,
4,5000,endpoint,10000,0.1,none,0.6608695387840271,34.1247847173363,ok,
4,5000,endpoint,10000,0.1,accuracy_drop_selector_with_resampling,0.6628458499908447,39.067981131374836,ok,
4,5000,endpoint,10000,0.2,none,0.603557288646698,34.534280609339476,ok,
4,5000,endpoint,10000,0.2,accuracy_drop_selector_with_resampling,0.6118577122688293,39.14993906021118,ok,
4,10000,endpoint,1000,0.05,none,0.7889328002929688,33.34180684015155,ok,
4,10000,endpoint,1000,0.05,accuracy_drop_selector_with_resampling,0.7648221254348755,35.97465477511287,ok,
4,10000,endpoint,1000,0.1,none,0.7794466614723206,33.29854998923838,ok,
4,10000,endpoint,1000,0.1,accuracy_drop_selector_with_resampling,0.7596837878227234,36.06213781796396,ok,
4,10000,endpoint,2000,0.05,none,0.7573122382164001,32.99334471300244,ok,
4,10000,endpoint,2000,0.05,accuracy_drop_selector_with_resampling,0.739130437374115,36.402849335223436,ok,
4,10000,endpoint,2000,0.1,none,0.7328063249588013,33.9771793987602,ok,
4,10000,endpoint,2000,0.1,accuracy_drop_selector_with_resampling,0.7158102989196777,36.68606001883745,ok,
4,10000,endpoint,2000,0.2,none,0.7185770869255066,33.90904819406569,ok,
4,10000,endpoint,2000,0.2,accuracy_drop_selector_with_resampling,0.7035573124885559,36.807388219982386,ok,
4,10000,endpoint,4000,0.05,none,0.7308300137519836,33.542104348540306,ok,
4,10000,endpoint,4000,0.05,accuracy_drop_selector_with_resampling,0.7209486365318298,36.47906789928675,ok,
4,10000,endpoint,4000,0.1,none,0.6916996240615845,33.77036019600928,ok,
4,10000,endpoint,4000,0.1,accuracy_drop_selector_with_resampling,0.6853755116462708,36.53562621958554,ok,
4,10000,endpoint,4000,0.2,none,0.6577075123786926,34.225018905475736,ok,
4,10000,endpoint,4000,0.2,accuracy_drop_selector_with_resampling,0.6588932871818542,37.357898846268654,ok,
4,10000,endpoint,10000,0.05,none,0.7110671997070312,34.75115787982941,ok,
4,10000,endpoint,10000,0.05,accuracy_drop_selector_with_resampling,0.7177865505218506,39.268099995329976,ok,
4,10000,endpoint,10000,0.1,none,0.6608695387840271,34.65256371721625,ok,
4,10000,endpoint,10000,0.1,accuracy_drop_selector_with_resampling,0.6541501879692078,39.039566811174154,ok,
4,10000,endpoint,10000,0.2,none,0.603557288646698,34.573591032996774,ok,
4,10000,endpoint,10000,0.2,accuracy_drop_selector_with_resampling,0.6098814010620117,38.88051485083997,ok,
