seed,repeat,small_block_size,linear_id,primary_group,mean_one_step_delta_loss,median_one_step_delta_loss,max_one_step_delta_loss,probability_one_step_positive,mean_gradient_at_eps,max_gradient_at_eps,mean_candidate_post_step_weight,n_checkpoints,robustly_harmful
0,0,1000,1447,random_unseen_control,-9.934107462565104e-09,0.0,1.7881393432617188e-07,0.0,1.5420954412093124e-05,3.8014397432561964e-05,0.00028064717940168293,6,False
0,0,1000,6011,random_unseen_control,-3.0795733133951825e-07,0.0,0.0,0.0,-2.3143414637161186e-05,-1.4314180589281023e-05,1.0000000116860974e-07,6,False
0,0,1000,14149,random_unseen_control,0.0,0.0,0.0,0.0,-1.1180531600984978e-05,-1.0156234566238709e-05,1.0000000116860974e-07,6,False
0,0,1000,19674,large_top_signal,1.4007091522216797e-06,1.2814998626708984e-06,3.039836883544922e-06,0.0,0.0002561657844732205,0.000275472120847553,0.003137003821999921,6,False
0,0,1000,25559,random_unseen_control,2.284844716389974e-07,0.0,2.1457672119140625e-06,0.0,1.8699657024020173e-05,2.097987999150064e-05,0.00022807771637782062,6,False
0,0,1000,33574,random_unseen_control,6.953875223795573e-08,0.0,5.364418029785156e-07,0.0,2.0108830843431253e-05,2.1151518012629822e-05,0.0002401053702918432,6,False
0,0,1000,38360,random_unseen_control,5.861123402913412e-07,1.1920928955078125e-07,2.0265579223632812e-06,0.0,5.255301467362491e-05,0.00011108240869361907,0.0008557304654956965,6,False
0,0,1000,49749,random_unseen_control,-9.934107462565104e-09,0.0,0.0,0.0,-6.656206778643536e-06,-6.094058335293084e-06,1.0000000116860974e-07,6,False
0,0,1000,59411,large_only_random,-9.934107462565104e-09,0.0,0.0,0.0,-3.6892449012763486e-05,-3.325748548377305e-05,1.0000000116860974e-07,6,False
0,0,1000,71518,large_only_random,-2.9802322387695312e-08,0.0,0.0,0.0,7.022935430237945e-07,6.776510872441577e-06,1.9953805827791864e-05,6,False
0,0,1000,74591,random_unseen_control,-9.934107462565104e-09,0.0,0.0,0.0,8.945543186200666e-07,2.1097823719173903e-06,1.7286869548864086e-05,6,False
0,0,1000,81937,random_unseen_control,-9.934107462565104e-09,0.0,0.0,0.0,-1.2834154555700176e-05,-9.08715355762979e-06,1.0000000116860974e-07,6,False
0,0,1000,84718,large_final_missed,3.7749608357747394e-07,2.086162567138672e-07,1.3709068298339844e-06,0.0,7.783658293192275e-05,0.00011073768837377429,0.0009460568397668586,6,False
0,0,1000,84742,random_unseen_control,9.934107462565104e-09,-8.940696716308594e-08,1.8477439880371094e-06,0.0,5.0510088234053306e-05,6.132273119874299e-05,0.0006472079523464439,6,False
0,0,1000,86380,random_unseen_control,-4.967053731282552e-08,0.0,2.384185791015625e-07,0.0,2.6111946075009957e-05,2.7706782930181362e-05,0.00030042021765197546,6,False
0,0,1000,97232,random_unseen_control,-9.934107462565104e-09,0.0,0.0,0.0,-3.825988642347511e-06,-3.41290297001251e-06,1.0000000116860974e-07,6,False
0,0,1000,101022,random_unseen_control,0.0,0.0,0.0,0.0,3.042008718997143e-06,5.024913662055042e-06,4.000546083323305e-05,6,False
0,0,1000,104359,random_unseen_control,0.0,0.0,0.0,0.0,9.64817388648953e-07,2.605659119581105e-06,1.5654128130648814e-05,6,False
0,0,1000,107759,large_only_random,-9.934107462565104e-09,0.0,0.0,0.0,2.8736909977548447e-07,2.498570211173501e-06,1.1057935090263982e-05,6,False
0,0,1000,114246,large_top_signal,1.6788641611735027e-06,1.7881393432617188e-06,3.5762786865234375e-06,0.0,0.00033521132233242196,0.0003570698027033359,0.004105618107132614,6,False
0,0,1000,116062,large_final_missed,7.251898447672526e-07,6.258487701416016e-07,2.1457672119140625e-06,0.0,0.00016685636849918714,0.00017010448209475726,0.001985863879478226,6,False
0,0,1000,141626,random_unseen_control,-6.953875223795573e-08,-5.960464477539063e-08,1.7881393432617188e-06,0.0,4.233705112710595e-05,4.3909105443162844e-05,0.0005053533991734582,6,False
0,0,1000,145004,random_unseen_control,7.649262746175131e-07,5.960464477539063e-08,2.9206275939941406e-06,0.0,2.594087648806938e-05,2.794625106616877e-05,0.0002981500060990072,6,False
0,0,1000,147612,random_unseen_control,-9.934107462565104e-09,0.0,0.0,0.0,-3.697424669250419e-06,-3.2483860650245333e-06,1.0000000116860974e-07,6,False
0,0,1000,148966,random_unseen_control,6.854534149169922e-07,-1.4901161193847656e-07,6.735324859619141e-06,0.0,8.70497130260143e-06,1.2495828741521109e-05,0.00011450880949936959,6,False
0,0,1000,172829,random_unseen_control,2.9802322387695312e-08,0.0,2.980232238769531e-07,0.0,4.814541815297464e-06,6.30527983958018e-06,4.944141030804872e-05,6,False
0,0,1000,181280,large_only_random,-9.934107462565104e-09,0.0,0.0,0.0,-2.1189782273722813e-05,-9.111695362662431e-06,1.0000000116860974e-07,6,False
0,0,1000,190371,random_unseen_control,-9.934107462565104e-09,0.0,0.0,0.0,-1.782691136516708e-05,-1.699610220384784e-05,1.0000000116860974e-07,6,False
0,0,1000,193277,random_unseen_control,2.682209014892578e-07,0.0,2.2649765014648438e-06,0.0,7.48658339944086e-06,3.834091330645606e-05,0.00028868523839994015,6,False
0,0,1000,194634,random_unseen_control,-9.934107462565104e-09,0.0,0.0,0.0,-4.878531171925715e-06,-3.631369509093929e-06,1.0000000116860974e-07,6,False
0,0,1000,197895,random_unseen_control,-9.934107462565104e-09,0.0,0.0,0.0,-4.136237718436556e-05,-4.0999406337505206e-05,1.0000000116860974e-07,6,False
0,0,1000,204070,random_unseen_control,-9.934107462565104e-09,0.0,0.0,0.0,-8.175907714758068e-05,-7.912392175057903e-05,1.0000000116860974e-07,6,False
0,0,1000,207133,random_unseen_control,-1.9868214925130207e-08,0.0,0.0,0.0,3.384356167165e-06,4.377220648166258e-06,4.512414112530413e-05,6,False
0,0,1000,212473,large_final_missed,0.0,0.0,0.0,0.0,-0.0003146551122578482,-0.0003002334851771593,1.0000000116860974e-07,6,False
0,0,1000,212479,large_final_missed,0.0,0.0,0.0,0.0,-0.00029435608788238216,-0.0002800057700369507,1.0000000116860974e-07,6,False
0,0,1000,215291,random_unseen_control,0.0,0.0,0.0,0.0,-0.00015540787717327476,-0.00013941986253485084,1.0000000116860974e-07,6,False
0,0,1000,220100,large_top_signal,3.556410471598307e-06,0.0,2.1398067474365234e-05,0.16666666666666666,-9.433228115085512e-06,0.000521634763572365,0.0014785490729719204,6,False
0,0,1000,221614,random_unseen_control,-9.934107462565104e-09,0.0,0.0,0.0,3.5109293700467483e-06,5.565319042943884e-06,5.036418651253408e-05,6,False
0,0,1000,224911,random_unseen_control,-9.934107462565104e-09,0.0,0.0,0.0,-4.787437622629416e-06,-4.355284090706846e-06,1.0000000116860974e-07,6,False
0,0,1000,234774,random_unseen_control,2.9802322387695312e-08,0.0,1.7881393432617188e-07,0.0,3.698135439359855e-07,4.823429662792478e-06,3.965077810974549e-05,6,False
0,0,1000,236175,random_unseen_control,7.847944895426432e-07,5.960464477539063e-08,3.3974647521972656e-06,0.0,7.608593174760851e-06,0.00012786229490302503,0.0006048031291854272,6,False
0,0,1000,236818,random_unseen_control,-9.934107462565104e-09,0.0,0.0,0.0,-8.11156423878856e-05,-6.095792923588306e-05,1.0000000116860974e-07,6,False
0,0,1000,240281,random_unseen_control,-9.934107462565104e-09,0.0,0.0,0.0,-0.00013706689060200006,-6.870606739539653e-05,1.0000000116860974e-07,6,False
0,0,1000,244892,random_unseen_control,0.0,0.0,0.0,0.0,1.476230431762815e-05,3.319706956972368e-05,0.00026506725541490067,6,False
0,0,1000,249427,random_unseen_control,-3.7749608357747394e-07,0.0,1.1920928955078125e-07,0.0,1.7809342352848034e-05,2.1343199477996677e-05,0.0001946084247362497,6,False
0,0,1000,270988,random_unseen_control,-9.934107462565104e-09,0.0,0.0,0.0,-1.2804052554808246e-05,-1.1833700227725785e-05,1.0000000116860974e-07,6,False
0,0,1000,280434,random_unseen_control,-9.934107462565104e-09,0.0,0.0,0.0,-4.90103078239675e-05,-4.2009647586382926e-05,1.0000000116860974e-07,6,False
0,0,1000,298793,large_only_random,0.0,0.0,0.0,0.0,1.4273612312839152e-06,3.1047416086948942e-06,1.9278637738059008e-05,6,False
0,0,1000,306244,random_unseen_control,2.9802322387695312e-08,0.0,1.1920928955078125e-07,0.0,3.839954600456016e-05,4.115711635677144e-05,0.00045992688428124023,6,False
0,0,1000,306622,random_unseen_control,-1.3907750447591147e-07,0.0,1.7881393432617188e-07,0.0,2.090502660697287e-05,3.41634004143998e-05,0.0002931828765764995,6,False
0,0,1000,306757,random_unseen_control,-2.384185791015625e-07,0.0,0.0,0.0,3.39184977444044e-05,3.626567922765389e-05,0.0004058757633120062,6,False
0,0,1000,314276,large_top_signal,2.592802047729492e-06,3.3974647521972656e-06,4.231929779052734e-06,0.0,0.00044967954454477876,0.00045070532360114157,0.005338445218512788,6,False
0,0,1000,314862,random_unseen_control,-9.934107462565104e-09,0.0,0.0,0.0,-1.3452893351010667e-05,-1.1213977813895326e-05,1.0000000116860974e-07,6,False
0,0,1000,318076,random_unseen_control,1.9868214925130207e-08,0.0,1.7881393432617188e-07,0.0,2.3564080038340762e-06,4.036408881802345e-06,3.307173906463845e-05,6,False
0,0,1000,326602,random_unseen_control,-9.934107462565104e-09,0.0,0.0,0.0,-5.5041069572325796e-05,-5.058984243078157e-05,1.0000000116860974e-07,6,False
0,0,1000,330248,random_unseen_control,-9.934107462565104e-09,0.0,0.0,0.0,-3.089746504277476e-06,-2.4323721845576074e-06,1.0000000116860974e-07,6,False
0,0,1000,330616,random_unseen_control,-9.934107462565104e-09,0.0,0.0,0.0,-6.256310901638547e-06,-5.576758212555433e-06,1.0000000116860974e-07,6,False
0,0,1000,333938,random_unseen_control,-9.934107462565104e-09,0.0,0.0,0.0,-5.409122043905275e-06,-3.8210155253182165e-06,1.0000000116860974e-07,6,False
0,0,1000,336182,random_unseen_control,2.9802322387695312e-08,0.0,1.1920928955078125e-07,0.0,5.368651666988929e-05,6.309642776614055e-05,0.0006708317983132872,6,False
0,0,1000,337545,random_unseen_control,-2.9802322387695312e-08,0.0,0.0,0.0,1.6189312797602422e-05,1.76809226104524e-05,0.00018983262440149437,6,False
0,0,1000,340010,random_unseen_control,-9.934107462565104e-09,0.0,0.0,0.0,-2.0623642740247305e-05,-1.9357132259756327e-05,1.0000000116860974e-07,6,False
0,0,1000,343684,random_unseen_control,-4.271666208902995e-07,0.0,1.7881393432617188e-06,0.0,1.4297278994490625e-05,1.4628121789428405e-05,0.00016909005704353794,6,False
0,0,1000,350124,large_final_missed,6.655851999918619e-07,8.940696716308594e-08,3.4570693969726562e-06,0.0,0.00013140105632677054,0.00013533051242120564,0.0015297991946378413,6,False
0,0,1000,351909,random_unseen_control,0.0,0.0,0.0,0.0,-1.1685168980572295e-05,-1.1191568773938343e-05,1.0000000116860974e-07,6,False
0,0,1000,354616,random_unseen_control,4.0729840596516925e-07,8.940696716308594e-08,1.8477439880371094e-06,0.0,1.1175058110287258e-05,0.0001468999107601121,0.0009144098532930892,6,False
0,0,1000,357910,random_unseen_control,-3.9736429850260414e-08,0.0,0.0,0.0,2.346575456613209e-06,3.0903211154509336e-06,2.4653953712316934e-05,6,False
0,0,1000,359599,random_unseen_control,0.0,0.0,0.0,0.0,-0.00021850110700446143,-1.2017298104183283e-05,1.0000000116860974e-07,6,False
0,0,1000,360514,random_unseen_control,-9.934107462565104e-09,0.0,0.0,0.0,-0.00023879811366593154,-3.157259925501421e-05,1.0000000116860974e-07,6,False
0,0,1000,364953,random_unseen_control,-9.934107462565104e-09,0.0,0.0,0.0,-5.2269400233247625e-06,-4.814709427591879e-06,1.0000000116860974e-07,6,False
0,0,1000,372323,random_unseen_control,-9.934107462565104e-09,0.0,0.0,0.0,-1.436108702061271e-05,-1.3101473086862825e-05,1.0000000116860974e-07,6,False
0,0,1000,377843,random_unseen_control,3.9736429850260414e-08,0.0,2.980232238769531e-07,0.0,2.783996890798335e-06,5.964823230897309e-06,4.6649123406202385e-05,6,False
0,0,1000,379082,random_unseen_control,-9.934107462565104e-09,0.0,0.0,0.0,-0.00015917981848663962,-0.00015052636445034295,1.0000000116860974e-07,6,False
0,0,1000,380181,random_unseen_control,-9.934107462565104e-09,0.0,0.0,0.0,-0.00019351707790823033,-0.00018734278273768723,1.0000000116860974e-07,6,False
0,0,1000,382480,large_top_signal,1.9868214925130207e-08,0.0,1.1920928955078125e-07,0.0,5.288416590095343e-05,6.12318908679299e-05,0.0006246910123633617,6,False
0,0,1000,395682,random_unseen_control,6.059805552164713e-07,0.0,3.4570693969726562e-06,0.0,8.452539987047203e-05,8.81924934219569e-05,0.0010133197670505467,6,False
0,0,1000,401591,random_unseen_control,-9.934107462565104e-09,0.0,0.0,0.0,-2.459284284365519e-07,2.906642748712329e-07,1.4386019782837896e-06,6,False
0,0,1000,404237,random_unseen_control,-2.7815500895182293e-07,0.0,0.0,0.0,8.870301523226468e-06,9.40022619033698e-06,0.00010258582235778135,6,False
0,0,1000,404605,random_unseen_control,-9.934107462565104e-09,0.0,0.0,0.0,-3.356784388112525e-05,-3.160832420689985e-05,1.0000000116860974e-07,6,False
0,0,1000,413933,random_unseen_control,-1.2914339701334635e-07,-2.9802322387695312e-08,0.0,0.0,2.6013211330185488e-05,2.8498401661636308e-05,0.00029968525134549395,6,False
0,0,1000,431155,random_unseen_control,0.0,0.0,0.0,0.0,-3.276490436595244e-06,-2.3964630599948578e-06,1.0000000116860974e-07,6,False
0,0,1000,435704,random_unseen_control,0.0,0.0,2.980232238769531e-07,0.0,5.586589334901267e-05,5.72125063627027e-05,0.000661452807611577,6,False
0,0,1000,436815,random_unseen_control,-4.172325134277344e-07,0.0,1.5497207641601562e-06,0.0,8.43122916194261e-06,8.81988034961978e-06,9.834559374273984e-05,6,False
0,0,1000,442729,random_unseen_control,2.682209014892578e-07,0.0,1.7881393432617188e-06,0.0,1.2073402331225225e-05,3.4666332794586197e-05,0.0002759030828395718,6,False
0,0,1000,442987,random_unseen_control,-9.934107462565104e-09,0.0,0.0,0.0,-3.280040922012025e-05,-9.282668543164618e-06,1.0000000116860974e-07,6,False
0,0,1000,443994,random_unseen_control,-9.934107462565104e-09,0.0,0.0,0.0,-6.360135557770263e-06,-4.086061380803585e-06,1.0000000116860974e-07,6,False
0,0,1000,447413,random_unseen_control,8.443991343180338e-07,0.0,5.185604095458984e-06,0.0,-6.195885816850932e-06,2.9925642593298107e-05,0.00014658979438782657,6,False
0,0,1000,450388,large_only_random,-9.934107462565104e-09,0.0,0.0,0.0,-1.6199412433100708e-05,-1.4868217476760037e-05,1.0000000116860974e-07,6,False
0,0,1000,451678,random_unseen_control,0.0,0.0,0.0,0.0,1.5388158772111638e-05,1.7904250853462145e-05,0.00019412341546498624,6,False
0,0,1000,451795,random_unseen_control,-9.934107462565104e-09,0.0,0.0,0.0,-1.253177424587193e-05,-1.1113024811493233e-05,1.0000000116860974e-07,6,False
0,0,1000,455606,random_unseen_control,0.0,0.0,0.0,0.0,1.3463253708323464e-05,1.6244322978309356e-05,0.0001735407433388995,6,False
0,0,1000,463611,random_unseen_control,-9.934107462565104e-09,0.0,0.0,0.0,-5.952541414444568e-06,-3.3525666367495432e-06,1.0000000116860974e-07,6,False
0,0,1000,463764,random_unseen_control,-9.934107462565104e-09,0.0,0.0,0.0,-9.323783160652965e-05,-7.082728552632034e-05,1.0000000116860974e-07,6,False
0,0,1000,477684,large_final_missed,-1.1920928955078125e-07,5.960464477539063e-08,1.6093254089355469e-06,0.0,5.7610319042093273e-05,0.00011791050201281905,0.0008732024548656625,6,False
0,0,1000,497702,random_unseen_control,4.967053731282552e-08,0.0,2.980232238769531e-07,0.0,5.446382601803634e-06,7.971252671268303e-06,7.71045014159218e-05,6,False
0,0,1000,505292,random_unseen_control,-7.450580596923828e-07,-2.384185791015625e-07,5.960464477539063e-08,0.0,1.6118579348282463e-05,3.32336567225866e-05,0.00024279142889464347,6,False
0,0,1000,509339,large_only_random,3.0795733133951825e-07,0.0,1.7881393432617188e-06,0.0,2.4548360973615974e-05,2.5242004994652234e-05,0.00028538683775636287,6,False
0,0,1000,516305,random_unseen_control,0.0,0.0,0.0,0.0,-4.841935318230147e-05,-1.4395215657714289e-05,1.0000000116860974e-07,6,False
0,0,1000,518373,large_only_random,-9.934107462565104e-09,0.0,0.0,0.0,-0.00013721046464828154,-0.00013575128105003387,1.0000000116860974e-07,6,False
0,0,1000,526222,large_final_missed,1.0907649993896484e-05,1.2964010238647461e-05,1.4603137969970703e-05,0.6666666666666666,0.0006925795266094307,0.0006975078140385449,0.008213412792732319,6,True
0,0,1000,533892,random_unseen_control,0.0,0.0,0.0,0.0,1.1885742878803285e-05,1.4411435586225707e-05,0.00014819885036014094,6,False
0,0,1000,538344,random_unseen_control,-9.934107462565104e-09,0.0,0.0,0.0,-3.0974634682934266e-05,-2.742931610555388e-05,1.0000000116860974e-07,6,False
0,0,1000,538924,random_unseen_control,-9.934107462565104e-09,0.0,0.0,0.0,-6.1004272235246994e-05,-5.9859790781047195e-05,1.0000000116860974e-07,6,False
0,0,1000,543049,random_unseen_control,3.337860107421875e-06,0.0,2.008676528930664e-05,0.16666666666666666,1.2308562872931361e-05,0.0005976631073281169,0.0016940333680122894,6,False
0,0,1000,543454,large_final_missed,-3.973642985026042e-07,-5.960464477539063e-08,2.384185791015625e-07,0.0,5.71423831085364e-05,5.965030868537724e-05,0.0006853764448599975,6,False
0,0,1000,545557,random_unseen_control,-9.934107462565104e-09,0.0,0.0,0.0,9.064608017676315e-06,1.2048672942910343e-05,0.00011776043556347797,6,False
0,0,1000,547209,random_unseen_control,-9.934107462565104e-09,0.0,0.0,0.0,-1.9943341612815857e-05,-1.4998617189121433e-05,1.0000000116860974e-07,6,False
0,0,1000,551046,large_final_missed,4.172325134277344e-07,0.0,4.172325134277344e-06,0.0,-7.910840092032838e-05,2.860823951778002e-05,0.00018941109942597714,6,False
0,0,1000,551389,large_top_signal,2.1855036417643228e-07,1.4901161193847656e-07,1.2516975402832031e-06,0.0,5.6925168792076875e-05,0.00012258742935955524,0.0008994970241419745,6,False
0,0,1000,557108,random_unseen_control,8.046627044677734e-07,5.960464477539063e-08,3.3974647521972656e-06,0.0,9.89592414650057e-06,1.0521366675675381e-05,0.00011846126095467942,6,False
0,0,1000,561799,large_final_missed,7.152557373046875e-07,2.9802322387695312e-08,4.172325134277344e-06,0.0,-1.5335853428647777e-05,5.417276770458557e-05,0.0002263007089962817,6,False
0,0,1000,561880,random_unseen_control,6.457169850667318e-07,1.1920928955078125e-07,3.933906555175781e-06,0.0,1.7608250042637035e-05,2.2760737920179963e-05,0.00018512172015168934,6,False
0,0,1000,562680,random_unseen_control,7.251898447672526e-07,1.4901161193847656e-07,4.708766937255859e-06,0.0,1.651263513243369e-05,1.819608769437764e-05,0.00019722936958170104,6,False
0,0,1000,567999,large_only_random,-9.934107462565104e-09,0.0,0.0,0.0,-2.3813763012488682e-05,-5.845889972988516e-06,1.0000000116860974e-07,6,False
0,0,1000,570247,random_unseen_control,-1.1920928955078125e-07,0.0,2.562999725341797e-06,0.0,2.295986935981394e-05,4.5727287215413526e-05,0.0003382355482190273,6,False
0,0,1000,573052,random_unseen_control,-9.934107462565104e-09,0.0,0.0,0.0,-8.223642529022376e-06,-3.3287979022134095e-06,1.0000000116860974e-07,6,False
0,0,1000,585204,random_unseen_control,6.953875223795573e-08,2.9802322387695312e-08,2.980232238769531e-07,0.0,4.041576842913249e-05,5.059766044723801e-05,0.00044790339949093055,6,False
0,0,1000,585404,random_unseen_control,1.0927518208821614e-07,5.960464477539063e-08,2.980232238769531e-07,0.0,5.242747829470318e-05,8.045805589063093e-05,0.0006867713635626179,6,False
0,0,1000,590081,random_unseen_control,0.0,0.0,0.0,0.0,-0.00011390208965167403,-6.763674900867045e-05,1.0000000116860974e-07,6,False
0,0,1000,591811,large_top_signal,1.5596548716227214e-06,2.384185791015625e-07,9.59634780883789e-06,0.0,0.00010913776410840607,0.000186929915798828,0.0016007817465476155,6,False
0,0,1000,599555,random_unseen_control,-9.934107462565104e-09,0.0,0.0,0.0,-2.84575623178777e-05,-2.790839243971277e-05,1.0000000116860974e-07,6,False
0,0,1000,605480,large_top_signal,2.276897430419922e-05,2.9742717742919922e-05,4.291534423828125e-05,0.6666666666666666,0.0009444407769478858,0.0012923928443342447,0.01232473977142945,6,True
0,0,1000,605736,large_only_random,-6.059805552164713e-07,-2.9802322387695312e-08,1.4901161193847656e-06,0.0,0.00014437601324364854,0.00021728419233113527,0.0019531982008575235,6,False
0,0,1000,609632,random_unseen_control,6.953875223795573e-07,0.0,3.993511199951172e-06,0.0,-4.000459709156227e-05,7.257011020556092e-05,0.0004033359577467384,6,False
0,0,1000,610329,large_final_missed,2.582867940266927e-07,8.940696716308594e-08,1.0132789611816406e-06,0.0,2.9836555768270046e-05,0.00015303395048249513,0.0010521962924473864,6,False
0,0,1000,611607,large_only_random,7.947285970052083e-08,0.0,3.5762786865234375e-07,0.0,-2.67246585584265e-05,9.240502549801022e-05,0.0005160749225154859,6,False
0,0,1000,625911,random_unseen_control,-1.9868214925130207e-08,0.0,0.0,0.0,-0.0002606975970896504,4.105515836272389e-05,0.00020485710845245345,6,False
0,0,1000,633277,random_unseen_control,5.165735880533854e-07,0.0,3.3974647521972656e-06,0.0,2.098515930507953e-05,2.277816201967653e-05,0.0002637176602190057,6,False
0,0,1000,635892,large_only_random,-1.9868214925130207e-08,-1.1920928955078125e-07,2.9206275939941406e-06,0.0,2.1460981770360377e-05,2.2713535145157948e-05,0.00025582684659397614,6,False
0,0,1000,640933,random_unseen_control,-9.934107462565104e-09,0.0,0.0,0.0,-2.5404757858874896e-06,-1.4394972822628915e-06,1.0000000116860974e-07,6,False
0,0,1000,645778,random_unseen_control,0.0,0.0,0.0,0.0,-3.5333450796315446e-05,-3.452084638411179e-05,1.0000000116860974e-07,6,False
0,0,1000,646518,random_unseen_control,8.245309193929037e-07,1.7881393432617188e-07,2.6226043701171875e-06,0.0,1.620601627413028e-05,1.9727212929865345e-05,0.00020660873378256875,6,False
0,0,1000,653477,random_unseen_control,2.284844716389974e-07,0.0,1.3709068298339844e-06,0.0,2.2131109290057793e-05,0.0001324807235505432,0.0007289656976136408,6,False
0,0,1000,664667,large_only_random,-9.934107462565104e-09,0.0,0.0,0.0,2.2032312093263803e-07,4.42810005552019e-07,3.874954322450701e-06,6,False
0,0,1000,677132,random_unseen_control,-9.934107462565104e-09,0.0,0.0,0.0,-5.3462053983821534e-05,-4.990028537577018e-05,1.0000000116860974e-07,6,False
0,0,1000,682023,random_unseen_control,5.662441253662109e-07,3.5762786865234375e-07,3.993511199951172e-06,0.0,2.4739880548925914e-05,2.972289985336829e-05,0.0003196644597913689,6,False
0,0,1000,695770,large_top_signal,1.798073450724284e-06,0.0,9.059906005859375e-06,0.0,-5.240999113690729e-05,0.0001380880712531507,0.0006568885286858025,6,False
0,0,1000,711439,random_unseen_control,0.0,0.0,0.0,0.0,-9.632787502293165e-05,-9.386356396134943e-05,1.0000000116860974e-07,6,False
0,0,1000,712577,large_only_random,-5.563100179036459e-07,0.0,2.384185791015625e-07,0.0,1.0917468140784573e-05,1.4965246919018682e-05,0.000146795281453412,6,False
0,0,1000,721175,random_unseen_control,0.0,0.0,0.0,0.0,-0.00011056287985411473,-9.431444050278515e-05,1.0000000116860974e-07,6,False
0,0,1000,741114,random_unseen_control,-9.934107462565104e-09,0.0,0.0,0.0,-9.921513871328595e-05,-9.857569239102304e-05,1.0000000116860974e-07,6,False
0,0,1000,741183,random_unseen_control,-1.3907750447591147e-07,0.0,2.980232238769531e-07,0.0,5.541674302852091e-06,8.924558642320335e-06,6.013867689702579e-05,6,False
0,0,1000,744882,random_unseen_control,4.967053731282552e-08,0.0,2.980232238769531e-07,0.0,9.486406573463077e-06,1.1745047231670469e-05,9.993850731978189e-05,6,False
0,0,1000,761005,random_unseen_control,0.0,0.0,0.0,0.0,-7.804587706535433e-05,-7.176293001975864e-05,1.0000000116860974e-07,6,False
0,0,1000,766495,random_unseen_control,-9.934107462565104e-09,0.0,0.0,0.0,-5.3481218249847494e-05,-5.30068609805312e-05,1.0000000116860974e-07,6,False
0,0,1000,770747,random_unseen_control,2.7815500895182293e-07,2.682209014892578e-07,2.9802322387695312e-06,0.0,2.0445954002449678e-05,2.863798727048561e-05,0.00026652893502069713,6,False
0,0,1000,774010,random_unseen_control,-4.867712656656901e-07,-5.960464477539063e-08,1.4901161193847656e-06,0.0,2.7914925643320505e-05,3.392421058379114e-05,0.00030656952475875226,6,False
0,0,1000,779318,random_unseen_control,2.483526865641276e-07,1.1920928955078125e-07,1.0728836059570312e-06,0.0,3.49308854007783e-05,0.00010178558295592666,0.0006450769721790076,6,False
0,0,1000,779451,random_unseen_control,-9.934107462565104e-09,0.0,0.0,0.0,-0.00015348039354042461,-0.0001363414921797812,1.0000000116860974e-07,6,False
0,0,1000,786046,large_only_random,2.980232238769531e-07,1.4901161193847656e-07,2.8014183044433594e-06,0.0,5.262927576647295e-05,5.4074385843705386e-05,0.0006260840017245547,6,False
0,0,1000,787676,large_top_signal,2.709031105041504e-05,3.260374069213867e-05,5.042552947998047e-05,0.6666666666666666,0.0014981005806475878,0.001540204742923379,0.01805011151979367,6,True
0,0,1000,796788,random_unseen_control,9.238719940185547e-07,8.940696716308594e-08,5.662441253662109e-06,0.0,1.2765202579127314e-05,1.8392540368949994e-05,0.00016618642426754113,6,False
0,0,1000,799614,random_unseen_control,4.867712656656901e-07,5.960464477539063e-08,3.635883331298828e-06,0.0,1.8180362530983984e-05,2.16615208046278e-05,0.00022241245993489164,6,False
0,0,1000,803363,large_only_random,-9.934107462565104e-09,0.0,0.0,0.0,-8.311909975115364e-06,-4.3171585275558755e-06,1.0000000116860974e-07,6,False
0,0,1000,811234,random_unseen_control,-9.934107462565104e-09,0.0,0.0,0.0,5.048407984986625e-07,7.701471531618154e-07,6.103239178637902e-06,6,False
0,0,1000,813253,random_unseen_control,-2.086162567138672e-07,-8.940696716308594e-08,1.9073486328125e-06,0.0,6.676898556179367e-05,7.359014125540853e-05,0.0007593029633371865,6,False
0,0,1000,813679,large_top_signal,8.503595987955729e-06,1.1354684829711914e-05,1.5795230865478516e-05,0.6666666666666666,0.0002606815348068873,0.00029274538974277675,0.003149880954879336,6,True
0,0,1000,815364,large_top_signal,-2.2351741790771484e-06,-2.0563602447509766e-06,3.039836883544922e-06,0.0,0.000158569251652807,0.00020029296865686774,0.0016827012853658136,6,False
0,0,1000,815741,random_unseen_control,0.0,0.0,0.0,0.0,-2.809889944425474e-07,1.5954774426063523e-06,5.5574689146927385e-06,6,False
0,0,1000,823596,random_unseen_control,-9.934107462565104e-09,0.0,0.0,0.0,-1.3478567022199664e-05,-1.2035811778332572e-05,1.0000000116860974e-07,6,False
0,0,1000,828011,random_unseen_control,-8.940696716308594e-08,0.0,5.364418029785156e-07,0.0,1.0565648608462652e-05,1.4474051567958668e-05,0.00016146903926165615,6,False
0,0,1000,831330,random_unseen_control,5.165735880533854e-07,2.9802322387695312e-08,3.3974647521972656e-06,0.0,9.409293516190095e-07,2.7008127290173434e-06,1.580015148405778e-05,6,False
0,0,1000,844895,random_unseen_control,-4.76837158203125e-07,0.0,0.0,0.0,2.420694613647356e-06,3.3590715702302987e-06,3.450878938930183e-05,6,False
0,0,1000,850328,random_unseen_control,0.0,0.0,2.3245811462402344e-06,0.0,-0.0001396465813741088,-0.0001338302972726524,1.0000000116860974e-07,6,False
0,0,1000,852901,random_unseen_control,5.960464477539063e-08,0.0,4.172325134277344e-07,0.0,-5.492640229931567e-05,-5.344566307030618e-05,1.0000000116860974e-07,6,False
0,0,1000,862054,random_unseen_control,0.0,0.0,0.0,0.0,-1.872939780393305e-05,-1.6978847270365804e-05,1.0000000116860974e-07,6,False
0,0,1000,867650,large_only_random,-9.934107462565104e-09,0.0,0.0,0.0,-5.583130359809729e-06,-4.359592367109144e-06,1.0000000116860974e-07,6,False
0,0,1000,888789,random_unseen_control,-4.669030507405599e-07,0.0,1.0132789611816406e-06,0.0,1.6183421090924337e-05,1.9793307728832588e-05,0.0002019827593606749,6,False
0,0,1000,894722,random_unseen_control,-9.934107462565104e-09,0.0,0.0,0.0,-4.1275374314864166e-05,-3.9305665268329903e-05,1.0000000116860974e-07,6,False
0,0,1000,898754,random_unseen_control,-1.6887982686360678e-07,0.0,1.6689300537109375e-06,0.0,1.4149547041597543e-05,1.4449949048866984e-05,0.0001661248163091026,6,False
0,0,1000,902904,random_unseen_control,8.742014567057291e-07,2.9802322387695312e-08,3.635883331298828e-06,0.0,4.889843451868122e-05,7.601392280776054e-05,0.0007726987798323629,6,False
0,0,1000,922479,large_top_signal,-9.934107462565104e-09,0.0,0.0,0.0,-0.00010918276226827099,-1.2692062227870338e-05,1.0000000116860974e-07,6,False
0,0,1000,922550,large_top_signal,5.960464477539062e-07,0.0,3.3974647521972656e-06,0.0,-0.00011012276324133079,7.321611337829381e-05,0.00041037008193238006,6,False
0,0,1000,927597,random_unseen_control,0.0,0.0,0.0,0.0,-6.11027711177788e-05,-5.4466094297822565e-05,1.0000000116860974e-07,6,False
0,0,1000,932773,large_only_random,0.0,0.0,0.0,0.0,-0.00011486709809105378,-3.3841100957943127e-05,1.0000000116860974e-07,6,False
0,0,1000,940207,random_unseen_control,-4.3710072835286457e-07,0.0,1.1920928955078125e-07,0.0,3.2545466638111975e-05,3.9440936234313995e-05,0.00040192689496265643,6,False
0,0,1000,943434,random_unseen_control,-9.934107462565104e-09,0.0,0.0,0.0,-8.006415631219474e-06,-4.047212769364705e-06,1.0000000116860974e-07,6,False
0,0,1000,946233,random_unseen_control,0.0,0.0,0.0,0.0,-1.47968548086889e-05,-2.9569814614660572e-06,1.0000000116860974e-07,6,False
0,0,1000,953063,large_top_signal,9.934107462565104e-09,0.0,1.1920928955078125e-07,0.0,-3.850587017950602e-05,1.3638136806548573e-05,3.875404397154133e-05,6,False
0,0,1000,954777,large_final_missed,-9.934107462565104e-09,0.0,0.0,0.0,-0.00010459062347460228,-9.882693848339841e-05,1.0000000116860974e-07,6,False
0,0,1000,962152,random_unseen_control,-9.934107462565104e-09,0.0,0.0,0.0,-1.4806785960293686e-05,-1.4310850929177832e-05,1.0000000116860974e-07,6,False
0,0,1000,966666,large_only_random,1.043081283569336e-06,0.0,7.212162017822266e-06,0.0,7.819389308375928e-05,8.026718569453806e-05,0.0009069026684246732,6,False
0,0,1000,972161,random_unseen_control,2.7815500895182293e-07,0.0,1.7881393432617188e-06,0.0,1.7509581387760893e-06,2.005332817134331e-06,2.2267677447729284e-05,6,False
0,0,1000,972284,random_unseen_control,-9.934107462565104e-09,0.0,0.0,0.0,-3.58490330351439e-05,-3.5271183151053265e-05,1.0000000116860974e-07,6,False
0,0,1000,985226,random_unseen_control,-9.934107462565104e-09,0.0,0.0,0.0,-9.099019886586271e-06,-7.700995411141776e-06,1.0000000116860974e-07,6,False
0,0,1000,988600,random_unseen_control,5.861123402913412e-07,1.1920928955078125e-07,4.589557647705078e-06,0.0,2.820439264420808e-05,3.801242564804852e-05,0.00038906346210509923,6,False
0,0,1000,992002,large_only_random,-9.934107462565104e-09,0.0,0.0,0.0,-2.704043064719978e-06,3.8339840102707967e-07,1.0000000116860974e-07,6,False
0,0,1000,992501,random_unseen_control,-2.483526865641276e-07,0.0,1.7881393432617188e-07,0.0,-1.9811687063035304e-05,7.364986231550574e-06,4.1743950935331973e-05,6,False
0,0,1000,1004639,random_unseen_control,-9.934107462565104e-09,0.0,0.0,0.0,-0.00011737718280831662,-9.309682354796678e-05,1.0000000116860974e-07,6,False
0,0,1000,1004934,large_top_signal,7.530053456624349e-06,3.337860107421875e-06,1.9252300262451172e-05,0.3333333333333333,0.0006770429160193695,0.0010551819577813148,0.00673940513903896,6,False
0,0,1000,1005285,random_unseen_control,1.3609727223714192e-06,5.364418029785156e-07,5.245208740234375e-06,0.0,6.988508782039086e-05,7.42456250009127e-05,0.0008355485065543178,6,False
0,0,1000,1009968,random_unseen_control,-9.934107462565104e-09,0.0,0.0,0.0,-0.00014324119789913917,-0.00014217621355783194,1.0000000116860974e-07,6,False
0,0,1000,1015902,random_unseen_control,3.6756197611490887e-07,8.940696716308594e-08,3.3974647521972656e-06,0.0,1.7666412986727664e-05,2.2928772523300722e-05,0.00022308241616642022,6,False
0,0,1000,1019584,random_unseen_control,6.357828776041666e-07,2.9802322387695312e-08,3.874301910400391e-06,0.0,1.6547612479674474e-05,1.8048351194011047e-05,0.0002001606734308344,6,False
0,0,1000,1024319,large_only_random,6.387631098429362e-06,0.0,2.9921531677246094e-05,0.16666666666666666,5.854363159111623e-05,0.0002260128821944818,0.0011855050683540942,6,False
0,0,1000,1028448,random_unseen_control,1.4901161193847656e-07,-1.4901161193847656e-07,2.2649765014648438e-06,0.0,4.157988845084522e-06,8.752502253628336e-06,6.313557176085283e-05,6,False
0,0,1000,1040009,random_unseen_control,-9.934107462565104e-09,0.0,0.0,0.0,-1.041097099611458e-05,-9.258426871383563e-06,1.0000000116860974e-07,6,False
0,0,1000,1049761,large_top_signal,2.1855036417643228e-06,2.2649765014648438e-06,6.496906280517578e-06,0.0,7.773431207169779e-05,0.00012506989878602326,0.0006967781810089946,6,False
0,0,1000,1059249,large_only_random,-1.9868214925130207e-08,0.0,0.0,0.0,3.282262938834416e-05,9.733402112033218e-05,0.0005753678861353251,6,False
0,0,1000,1069717,random_unseen_control,-9.934107462565104e-09,0.0,0.0,0.0,-6.851506668681395e-06,-5.021873676014366e-06,1.0000000116860974e-07,6,False
0,0,1000,1072126,large_only_random,-9.934107462565104e-09,0.0,0.0,0.0,-8.236433617033374e-05,-8.081269334070385e-05,1.0000000116860974e-07,6,False
0,0,1000,1080922,random_unseen_control,-9.934107462565104e-09,0.0,0.0,0.0,-4.027694618950287e-05,-3.715199636644684e-05,1.0000000116860974e-07,6,False
0,0,1000,1081487,random_unseen_control,1.0530153910319011e-06,3.2782554626464844e-07,6.079673767089844e-06,0.0,0.00012710487135336734,0.00015034973330330104,0.0016421345740376125,6,False
0,0,1000,1120595,large_only_random,7.251898447672526e-07,0.0,4.351139068603516e-06,0.0,0.00013611262814568667,0.00017552160716149956,0.001798135344743675,6,False
0,0,1000,1206730,large_final_missed,-1.986821492513021e-07,0.0,9.5367431640625e-07,0.0,1.6385929484385997e-06,6.487926293630153e-05,0.0004205980217939498,6,False
0,0,1000,1224957,large_final_missed,3.8743019104003906e-07,4.470348358154297e-07,8.344650268554688e-07,0.0,0.00017645228460120657,0.0001788571971701458,0.0020770232319288575,6,False
0,0,1000,1224963,large_top_signal,4.967053731282552e-08,2.9802322387695312e-08,4.172325134277344e-07,0.0,6.651439616689458e-05,6.95628477842547e-05,0.0007713242689781907,6,False
0,0,1000,1241406,large_top_signal,3.7749608357747394e-07,5.960464477539063e-08,1.9073486328125e-06,0.0,4.31745597779809e-05,9.359477553516626e-05,0.00074519918131107,6,False
0,0,1000,1258590,large_top_signal,6.963809331258138e-06,2.086162567138672e-07,2.3484230041503906e-05,0.3333333333333333,0.00015331535178120248,0.0002721681375987828,0.0022282086355159456,6,False
0,0,1000,1259200,large_final_missed,6.854534149169922e-07,-2.086162567138672e-07,6.4373016357421875e-06,0.0,7.4435897658986505e-06,1.4802614714426454e-05,7.652834076665727e-05,6,False
0,0,1000,1308626,large_only_random,0.0,0.0,0.0,0.0,-7.470511718565831e-06,-6.139225206425181e-06,1.0000000116860974e-07,6,False
0,0,1000,1326123,large_top_signal,5.265076955159505e-06,4.112720489501953e-06,1.5854835510253906e-05,0.16666666666666666,0.00038309778392431326,0.0005251786787994206,0.0053560242327215235,6,False
0,0,1000,1342013,large_final_missed,1.9768873850504556e-06,1.4901161193847656e-07,1.1086463928222656e-05,0.16666666666666666,6.867674013240806e-05,0.00014739106700289994,0.0010251986997846056,6,False
0,0,1000,1342781,large_final_missed,2.7815500895182293e-07,2.980232238769531e-07,4.76837158203125e-07,0.0,0.00011774347634248745,0.00017586277681402862,0.0015988857726618733,6,False
0,0,1000,1343337,large_final_missed,-8.940696716308594e-08,8.940696716308594e-08,2.2649765014648438e-06,0.0,9.629805936128832e-05,0.00012471531226765364,0.0012387307917324601,6,False
0,0,1000,1351781,large_top_signal,5.960464477539063e-08,5.960464477539063e-08,1.7881393432617188e-07,0.0,7.671577562481009e-05,9.09930095076561e-05,0.0009529855110734786,6,False
0,0,1000,1370190,large_only_random,0.0,0.0,5.960464477539063e-08,0.0,-3.430014597446037e-05,-3.395311796339229e-05,1.0000000116860974e-07,6,False
0,0,1000,1383476,large_only_random,-9.934107462565104e-09,0.0,5.960464477539063e-08,0.0,-3.17740975030271e-05,2.90221087198006e-05,0.00015738543829021032,6,False
0,0,1000,1403020,large_only_random,-9.934107462565104e-09,0.0,0.0,0.0,-4.8480972206258834e-05,-4.699197597801685e-05,1.0000000116860974e-07,6,False
0,0,1000,1459429,large_final_missed,0.0,0.0,1.1920928955078125e-07,0.0,4.165863879279641e-05,5.836990021634847e-05,0.000612081289116162,6,False
0,0,1000,1471346,large_only_random,-2.086162567138672e-07,0.0,0.0,0.0,-6.02527961746091e-07,1.2755646821460687e-05,2.8507215371102273e-05,6,False
0,0,1000,1489043,large_top_signal,-1.3907750447591147e-07,5.960464477539063e-08,1.9669532775878906e-06,0.0,9.099891637257922e-05,9.705497359391302e-05,0.0010430009641465194,6,False
0,0,1000,1520660,large_final_missed,2.215305964152018e-06,3.2186508178710938e-06,5.0067901611328125e-06,0.0,0.00023808234982425347,0.0002391697489656508,0.0028146011754870415,6,False
0,0,1000,1550229,large_only_random,3.9736429850260414e-08,0.0,1.7881393432617188e-07,0.0,3.092796032433398e-05,3.169710544170812e-05,0.00036389596655439505,6,False
0,0,1000,1598510,large_top_signal,-1.986821492513021e-07,5.960464477539063e-08,5.364418029785156e-07,0.0,9.869295657457162e-05,0.00010481006029294804,0.0011716672693431462,6,False
0,0,1000,1669088,large_top_signal,7.549921671549479e-07,0.0,3.4570693969726562e-06,0.0,8.859759206340338e-05,0.00028620276134461164,0.0015749962375733635,6,False
0,0,1000,1669400,large_only_random,1.3907750447591147e-07,0.0,4.76837158203125e-07,0.0,-3.487690628389828e-05,0.00019430008251219988,0.0008786662942317965,6,False
0,0,1000,1669962,large_top_signal,2.582867940266927e-07,0.0,1.1324882507324219e-06,0.0,-2.3148040781961754e-06,0.00018595052824821323,0.0008485604382949911,6,False
0,0,1000,1673541,large_only_random,4.967053731282552e-07,0.0,2.6226043701171875e-06,0.0,5.469524270059386e-05,5.748915282310918e-05,0.0006553856266637107,6,False
0,0,1000,1676525,large_final_missed,8.781750996907553e-06,1.1324882507324219e-05,1.7702579498291016e-05,0.6666666666666666,0.0001655651673596973,0.0002574410173110664,0.0021412371763235663,6,True
0,0,1000,1684892,large_top_signal,4.172325134277344e-07,2.384185791015625e-07,1.7285346984863281e-06,0.0,5.797472476842813e-05,0.00019968832202721387,0.0015018535969417712,6,False
0,0,1000,1693997,large_only_random,-9.934107462565104e-09,0.0,0.0,0.0,-2.134355478726017e-05,-1.9057026293012314e-05,1.0000000116860974e-07,6,False
0,0,1000,1695163,large_top_signal,9.258588155110678e-06,1.2516975402832031e-05,1.4901161193847656e-05,0.6666666666666666,0.0007034445879980922,0.0007540672086179256,0.008207997675829878,6,True
0,0,1000,1718212,large_only_random,-9.934107462565104e-09,0.0,0.0,0.0,-1.2589995094458573e-05,-1.1527112292242236e-05,1.0000000116860974e-07,6,False
0,0,1000,1730213,large_only_random,-5.960464477539062e-07,0.0,0.0,0.0,-7.447219347037996e-05,6.567655509570614e-05,0.00018624451025672784,6,False
0,0,1000,1732252,large_only_random,0.0,0.0,0.0,0.0,-6.04183872686311e-05,-5.9101308579556644e-05,1.0000000116860974e-07,6,False
0,0,1000,1758650,large_final_missed,9.12944475809733e-06,1.3709068298339844e-05,1.4483928680419922e-05,0.6666666666666666,0.00013279275178016783,0.00014431205636356026,0.0015096058123162948,6,True
0,0,1000,1776098,large_final_missed,3.4769376118977863e-07,1.7881393432617188e-07,2.086162567138672e-06,0.0,9.255370241589844e-05,9.792828495847061e-05,0.0010595675435318697,6,False
0,0,1000,1782262,large_final_missed,7.748603820800781e-07,1.0132789611816406e-06,1.3113021850585938e-06,0.0,0.0002508375934363964,0.0002558645501267165,0.0029697444406338036,6,False
0,0,1000,1782338,large_top_signal,1.7285346984863281e-06,2.4139881134033203e-06,4.410743713378906e-06,0.0,0.0003835937677649781,0.00039021798875182867,0.004553397962202628,6,False
0,0,1000,1792690,large_only_random,-9.934107462565104e-09,0.0,0.0,0.0,-2.6517699249476816e-05,-1.4017336070537567e-05,1.0000000116860974e-07,6,False
0,0,1000,1798031,large_final_missed,-1.7881393432617188e-07,0.0,0.0,0.0,3.296852264611516e-05,4.191285916022025e-05,0.0004241404238752485,6,False
0,0,1000,1828476,large_only_random,-2.582867940266927e-07,0.0,5.364418029785156e-07,0.0,0.00010185730813342768,0.00010405095235910267,0.0012069399865085966,6,False
0,0,1000,1867971,large_top_signal,1.2914339701334636e-06,1.6987323760986328e-06,3.3974647521972656e-06,0.0,0.0001654527683664734,0.000181597177288495,0.0020034702683915384,6,False
0,0,1000,1872206,large_final_missed,-1.0132789611816406e-06,-5.364418029785156e-07,1.5497207641601562e-06,0.0,0.00010594627383397892,0.00012589672405738384,0.0012830555204897582,6,False
0,0,1000,1939131,large_only_random,-9.934107462565104e-09,0.0,0.0,0.0,-7.469298240418236e-05,-6.716018106089905e-05,1.0000000116860974e-07,6,False
0,0,1000,1944994,large_only_random,-9.934107462565104e-09,0.0,0.0,0.0,-6.57264996940891e-05,-6.353283970383927e-05,1.0000000116860974e-07,6,False
0,0,1000,1954735,large_final_missed,3.973642985026042e-07,0.0,1.9669532775878906e-06,0.0,6.75659860765639e-05,7.557377102784812e-05,0.000836042830263987,6,False
0,0,1000,1977707,large_only_random,-9.934107462565104e-09,0.0,0.0,0.0,-6.489602856163401e-05,-2.7545152988750488e-05,1.0000000116860974e-07,6,False
0,0,1000,2044764,large_final_missed,3.7451585133870444e-06,1.6391277313232422e-06,1.329183578491211e-05,0.16666666666666666,0.0003361175040481612,0.0003494963457342237,0.004015312229360764,6,False
0,0,1000,2045610,large_top_signal,8.672475814819336e-06,9.387731552124023e-06,1.8596649169921875e-05,0.5,0.0003776420974948754,0.0005372465820983052,0.004956170644921561,6,False
0,0,1000,2069078,large_top_signal,2.0682811737060547e-05,1.9669532775878906e-05,3.784894943237305e-05,0.6666666666666666,0.0010354603582527488,0.0012519443407654762,0.012127684021834284,6,True
0,0,1000,2077376,large_top_signal,2.5033950805664062e-06,1.7881393432617188e-06,5.245208740234375e-06,0.0,0.0005260428976422796,0.0007182435365393758,0.00542153730445231,6,False
0,0,1000,2077624,large_final_missed,8.54333241780599e-07,2.086162567138672e-07,5.185604095458984e-06,0.0,0.00015835963131394237,0.0002248349046567455,0.0018286353782362614,6,False
0,0,1000,2125951,large_only_random,3.178914388020833e-07,2.9802322387695312e-08,1.8477439880371094e-06,0.0,5.798835142437989e-05,6.234415923245251e-05,0.000700682969055085,6,False
0,0,1000,2136782,large_only_random,-9.934107462565104e-09,0.0,0.0,0.0,-0.00015611252820235677,-0.00011760943016270176,1.0000000116860974e-07,6,False
0,0,1000,2177017,large_only_random,1.0927518208821614e-07,0.0,6.556510925292969e-07,0.0,4.128337688295384e-06,5.803228305012453e-06,5.574147222494238e-05,6,False
0,0,1000,2208305,large_final_missed,-8.940696716308594e-08,-5.960464477539063e-08,1.2516975402832031e-06,0.0,0.0002456176492463176,0.00025472635752521455,0.0029417931800708175,6,False
0,0,1000,2225001,large_top_signal,1.1920928955078125e-07,1.1920928955078125e-07,3.5762786865234375e-07,0.0,6.274349046483015e-05,8.359471394214779e-05,0.0008695238743960942,6,False
0,0,1000,2228607,large_only_random,-9.934107462565104e-09,0.0,0.0,0.0,-8.930295583316669e-06,9.966872312361374e-06,1.744850096703961e-06,6,False
0,0,1000,2228859,large_final_missed,0.00010053316752115886,0.00011479854583740234,0.00020104646682739258,0.6666666666666666,0.002636590002415081,0.003615356283262372,0.035753549775108695,6,True
0,0,1000,2233272,large_top_signal,2.851088841756185e-06,2.294778823852539e-06,7.927417755126953e-06,0.0,0.0001279596908716485,0.00013413172564469278,0.0015254003471151616,6,False
0,0,1000,2233932,large_top_signal,1.0251998901367188e-05,1.4036893844604492e-05,1.7821788787841797e-05,0.6666666666666666,0.0009518307633697987,0.001005070749670267,0.011095510543479273,6,True
0,0,1000,2237346,large_only_random,0.0,0.0,0.0,0.0,1.9602455116303947e-05,2.2845211788080633e-05,0.00021636455966837312,6,False
0,0,1000,2271744,large_top_signal,2.1298726399739582e-05,2.5987625122070312e-05,3.886222839355469e-05,0.6666666666666666,0.0008700944696708272,0.000954470073338598,0.010647397546563298,6,True
0,0,1000,2287168,large_only_random,-9.934107462565104e-09,2.9802322387695312e-08,7.748603820800781e-07,0.0,2.2795218076983776e-05,3.216930781491101e-05,0.00031517084959039227,6,False
0,0,1000,2296056,large_final_missed,9.934107462565104e-09,0.0,1.7881393432617188e-07,0.0,8.167101668732357e-06,1.534957846160978e-05,0.00012152476425460652,6,False
0,0,1000,2315530,large_only_random,-9.934107462565104e-09,0.0,0.0,0.0,-1.2566230301066147e-05,-5.598614734481089e-06,1.0000000116860974e-07,6,False
0,0,1000,2317497,large_only_random,-9.934107462565104e-09,0.0,0.0,0.0,7.463900374204968e-06,9.645023965276778e-06,9.393736569170603e-05,6,False
0,0,1000,2373601,large_final_missed,2.483526865641276e-07,3.8743019104003906e-07,1.5497207641601562e-06,0.0,0.00012687515967021076,0.00015164002252276987,0.001380772814930727,6,False
0,0,1000,2373608,large_top_signal,9.238719940185547e-07,7.152557373046875e-07,2.7418136596679688e-06,0.0,0.0001482111135070833,0.00017251347890123725,0.0016442302900638122,6,False
0,0,1000,2400699,large_final_missed,5.930662155151367e-06,4.9173831939697266e-06,1.3113021850585938e-05,0.3333333333333333,0.00027657158110135544,0.00030315053300000727,0.0033656882733339444,6,False
0,0,1000,2404687,large_top_signal,2.3166338602701824e-05,1.6450881958007812e-05,6.657838821411133e-05,0.6666666666666666,0.0011444204404445675,0.0020598494447767735,0.014345232494330654,6,True
0,0,1000,2428637,large_final_missed,9.5367431640625e-07,1.1920928955078125e-07,5.185604095458984e-06,0.0,0.00013308183163947737,0.0002856172504834831,0.0017951057718110046,6,False
0,0,1000,2428963,large_top_signal,1.4801820119222005e-06,1.7881393432617188e-07,7.808208465576172e-06,0.0,9.783240905865871e-05,0.00017811568977776915,0.0012476124877084753,6,False
0,0,1000,2445561,large_only_random,9.934107462565104e-09,0.0,1.7881393432617188e-07,0.0,3.3061430561550274e-05,4.332466778578237e-05,0.00035574049845976674,6,False
0,0,1000,2485292,large_final_missed,1.5894571940104166e-07,8.940696716308594e-08,4.172325134277344e-07,0.0,4.194160192128038e-05,0.0001261048309970647,0.0008560323461897686,6,False
0,0,1000,2485510,large_only_random,-9.934107462565104e-09,0.0,0.0,0.0,-4.118535556093169e-05,-3.6330857255961746e-05,1.0000000116860974e-07,6,False
0,0,1000,2514791,large_top_signal,1.2258688608805338e-05,1.3470649719238281e-05,2.6464462280273438e-05,0.5,0.0007525364878044153,0.001038627582602203,0.010285215442612147,6,False
0,0,1000,2519862,large_only_random,-9.934107462565104e-09,0.0,0.0,0.0,-5.114479245094117e-05,-4.900740896118805e-05,1.0000000116860974e-07,6,False
0,0,1000,2557835,large_top_signal,1.7017126083374023e-05,2.136826515197754e-05,2.962350845336914e-05,0.6666666666666666,0.0011709060636349022,0.0012537186266854405,0.013621087030818066,6,True
0,0,1000,2559542,large_final_missed,2.4437904357910156e-06,3.039836883544922e-06,3.7550926208496094e-06,0.0,0.00048323186153235537,0.0006006021285429597,0.00534205453004688,6,False
0,0,1000,2569052,large_final_missed,2.7418136596679688e-06,3.0100345611572266e-06,5.9604644775390625e-06,0.0,0.0003470545052550733,0.0004984136903658509,0.0047996599387261085,6,False
0,0,1000,2587626,large_only_random,0.0,0.0,0.0,0.0,-3.581078090064693e-05,-3.5106175346300006e-05,1.0000000116860974e-07,6,False
0,0,1000,2614734,large_only_random,-9.934107462565104e-09,0.0,0.0,0.0,-8.026736759347841e-05,-7.478255429305136e-05,1.0000000116860974e-07,6,False
0,0,1000,2656037,large_top_signal,4.867712656656901e-06,6.16908073425293e-06,8.58306884765625e-06,0.0,0.00018314080080017447,0.00019819462613668293,0.0022222957559279166,6,False
0,0,1000,2663467,large_only_random,-9.934107462565104e-09,0.0,0.0,0.0,-0.0003467509280502175,-0.00034212120226584375,1.0000000116860974e-07,6,False
0,0,1000,2669099,large_final_missed,5.2700440088907875e-05,6.791949272155762e-05,8.761882781982422e-05,0.6666666666666666,0.0018533141313431163,0.0021086835768073797,0.023171710898168385,6,True
0,0,1000,2679764,large_final_missed,-1.0927518208821614e-07,2.682209014892578e-07,1.1920928955078125e-06,0.0,0.00022313264101588479,0.0002461218391545117,0.002730738000536803,6,False
0,0,1000,2681976,large_final_missed,4.34120496114095e-06,5.781650543212891e-06,6.9141387939453125e-06,0.0,0.0005427093613737574,0.0005524727166630328,0.0064580630520746736,6,False
0,0,1000,2689142,large_final_missed,-9.934107462565104e-09,0.0,0.0,0.0,-0.00011173193706781603,-3.0801362299825996e-05,1.0000000116860974e-07,6,False
0,0,1000,2697821,large_final_missed,3.5762786865234375e-07,4.470348358154297e-07,5.960464477539062e-07,0.0,0.00013947149030476189,0.00014476824435405433,0.0016416463937882024,6,False
0,0,1000,2708852,large_top_signal,4.669030507405599e-07,6.854534149169922e-07,1.3113021850585938e-06,0.0,0.00028546309234419215,0.0002894359640777111,0.0033734915244470662,6,False
0,0,1000,2759358,large_only_random,-9.934107462565104e-09,0.0,0.0,0.0,-0.00030944762693252414,-0.00023306813091039658,1.0000000116860974e-07,6,False
0,0,1000,2762943,large_final_missed,-2.9802322387695312e-08,0.0,0.0,0.0,-2.9899654388524748e-05,3.483670298010111e-06,1.4609382356904158e-05,6,False
0,0,1000,2845203,large_only_random,4.967053731282552e-08,0.0,2.384185791015625e-07,0.0,2.841128086098858e-05,2.880739157262724e-05,0.0003337405273917682,6,False
0,0,1000,2861505,large_only_random,5.463759104410807e-07,2.980232238769531e-07,1.5497207641601562e-06,0.0,3.818786717602052e-05,4.815331340068951e-05,0.0004874578879577503,6,False
0,0,1000,2874051,large_final_missed,1.3907750447591147e-07,0.0,7.748603820800781e-07,0.0,9.904641236365327e-06,5.52018427697476e-05,0.00031154997557318137,6,False
0,0,1000,2919459,large_top_signal,1.3212362925211588e-05,1.856684684753418e-05,2.0444393157958984e-05,0.6666666666666666,0.0010078893974423409,0.0010106617119163275,0.011980244948063046,6,True
0,0,1000,2923479,large_top_signal,1.5775362650553387e-05,1.8924474716186523e-05,2.580881118774414e-05,0.6666666666666666,0.001036182977259159,0.00106360437348485,0.012315398237357536,6,True
0,0,1000,2946374,large_top_signal,4.271666208902995e-07,4.172325134277344e-07,8.940696716308594e-07,0.0,0.0001533669686371771,0.0001560137898195535,0.001806329149985686,6,False
0,0,1000,2951566,large_only_random,0.0,0.0,0.0,0.0,-1.284887427270102e-05,-1.2350803444860503e-05,1.0000000116860974e-07,6,False
0,0,1000,2975340,large_top_signal,4.0729840596516925e-07,0.0,2.384185791015625e-06,0.0,2.630674074074098e-05,2.9953444027341902e-05,0.0003344875445030482,6,False
0,0,1000,3040101,large_only_random,4.470348358154297e-07,0.0,3.039836883544922e-06,0.0,2.657540911362351e-05,3.249328801757656e-05,0.0003276663354524108,6,False
0,0,1000,3049385,large_only_random,-9.934107462565104e-09,0.0,0.0,0.0,-3.388891248808553e-05,-2.3064119886839762e-05,1.0000000116860974e-07,6,False
0,0,1000,3061626,large_only_random,2.88089116414388e-07,0.0,1.7881393432617188e-06,0.0,2.1732439563493244e-06,1.4318853573058732e-05,0.0001235850207746599,6,False
0,0,1000,3076493,large_final_missed,9.735425313313801e-07,3.2782554626464844e-07,5.781650543212891e-06,0.0,0.00036307676540066797,0.0006132656708359718,0.003159842686727643,6,False
0,0,1000,3080189,large_final_missed,-9.934107462565104e-09,0.0,0.0,0.0,-7.105004321298718e-05,5.093470463179983e-05,0.0001444622557483418,6,False
0,0,1000,3114739,large_only_random,-9.934107462565104e-09,0.0,0.0,0.0,-1.1708503582970782e-06,3.6167966754874215e-07,2.435419628928533e-07,6,False
0,0,1000,3198736,large_only_random,-9.139378865559896e-07,0.0,2.980232238769531e-07,0.0,-5.1573257072353345e-06,9.28460303839529e-06,9.858567851613505e-05,6,False
0,0,1000,3202666,large_top_signal,2.696116765340169e-05,5.0067901611328125e-06,0.00012749433517456055,0.3333333333333333,0.0008566794276703149,0.002603258704766631,0.012162234478940567,6,False
0,0,1000,3206589,large_final_missed,-1.986821492513021e-07,0.0,4.76837158203125e-07,0.0,7.636518800306173e-05,0.00014493368507828563,0.0011962042431399311,6,False
0,0,1000,3226005,large_only_random,-9.934107462565104e-09,0.0,0.0,0.0,-9.497301713660514e-06,-3.910799932782538e-07,1.0000000116860974e-07,6,False
0,0,1000,3229853,large_top_signal,-3.9736429850260414e-08,0.0,1.7285346984863281e-06,0.0,7.778179982172635e-05,8.989050547825173e-05,0.0009686440606498555,6,False
0,0,1000,3286621,large_final_missed,4.390875498453776e-06,4.023313522338867e-06,8.821487426757812e-06,0.0,0.0007529143864909807,0.0007583891856484115,0.008924226490004608,6,False
0,0,1000,3315017,large_top_signal,3.4769376118977863e-07,5.960464477539063e-08,1.8477439880371094e-06,0.0,4.02187358001053e-05,9.172080171993002e-05,0.0005165748575812756,6,False
0,0,1000,3374703,large_only_random,0.0,0.0,0.0,0.0,-3.2631778594804928e-06,-2.679062163224444e-06,1.0000000116860974e-07,6,False
0,0,1000,3397476,large_top_signal,1.9868214925130207e-08,5.960464477539063e-08,1.0132789611816406e-06,0.0,6.641414014059895e-05,0.0001210987611557357,0.0009463799153254607,6,False
0,0,1000,3413832,large_only_random,5.165735880533854e-07,2.980232238769531e-07,1.9073486328125e-06,0.0,0.00012313125019621415,0.0001442308130208403,0.0015346005140545553,6,False
0,0,1000,3452494,large_final_missed,0.0,0.0,0.0,0.0,-8.746411792041424e-05,-7.610058673890308e-05,1.0000000116860974e-07,6,False
0,0,1000,3454159,large_top_signal,5.016724268595378e-06,6.377696990966797e-06,8.344650268554688e-06,0.0,0.00034958070318680257,0.0003615971945691854,0.004191898808736975,6,False
0,0,1000,3464845,large_final_missed,1.986821492513021e-07,1.7881393432617188e-07,1.0728836059570312e-06,0.0,8.952311812511955e-05,0.00011278414604021236,0.0011102509620535272,6,False
0,0,1000,3468763,large_top_signal,5.672375361124675e-06,1.2516975402832031e-06,2.002716064453125e-05,0.3333333333333333,0.00019613293261500075,0.00032646817271597683,0.0026747728916234337,6,False
0,0,1000,3528336,large_final_missed,1.5894571940104166e-07,8.940696716308594e-08,4.172325134277344e-07,0.0,-3.3302552158905505e-06,7.444078801199794e-05,0.0004287346549863476,6,False
0,0,1000,3534306,large_final_missed,1.8278757731119792e-06,8.940696716308594e-08,1.2516975402832031e-05,0.16666666666666666,9.140429756371304e-05,0.0001684054295765236,0.0013591103366046298,6,False
0,0,1000,3547470,large_only_random,2.1855036417643228e-07,2.9802322387695312e-08,1.2516975402832031e-06,0.0,6.193904725175041e-05,6.55507537885569e-05,0.0007136295582258848,6,False
0,0,1000,3564504,large_final_missed,5.960464477539062e-07,2.384185791015625e-07,1.9669532775878906e-06,0.0,6.82740655975067e-05,0.0001329540682490915,0.0010602871721197005,6,False
0,0,1000,3586510,large_final_missed,2.086162567138672e-07,0.0,6.556510925292969e-07,0.0,-8.906481525627896e-06,8.769606938585639e-05,0.00045955994230221603,6,False
0,0,1000,3618458,large_final_missed,1.0987122853597006e-05,2.8908252716064453e-06,4.947185516357422e-05,0.3333333333333333,0.0006125724879287494,0.0018624403746798635,0.009620849957476215,6,False
0,0,1000,3643201,large_only_random,2.9802322387695312e-08,0.0,1.7881393432617188e-07,0.0,8.460553696446974e-06,1.1527068636496551e-05,0.00011068811745100031,6,False
0,0,1000,3675241,large_final_missed,3.804763158162435e-06,3.8743019104003906e-07,1.3709068298339844e-05,0.3333333333333333,9.87691746558994e-05,0.00021568739612121135,0.0015425115960721787,6,False
0,0,1000,3683886,large_only_random,-9.934107462565104e-09,0.0,0.0,0.0,-8.671661392630388e-05,-7.395827560685575e-05,1.0000000116860974e-07,6,False
0,0,1000,3690647,large_top_signal,-7.748603820800781e-07,2.682209014892578e-07,1.9669532775878906e-06,0.0,0.0002443841876811348,0.00028486811788752675,0.0026897592906607315,6,False
0,0,1000,3692516,large_only_random,-9.934107462565104e-09,0.0,0.0,0.0,-2.4498708626197185e-06,1.0066180948342662e-05,7.783318104159775e-05,6,False
0,0,1000,3694235,large_only_random,-9.934107462565104e-09,0.0,0.0,0.0,-2.2855020536856805e-06,9.562856575939804e-06,2.582212052952097e-05,6,False
0,0,1000,3720869,large_final_missed,5.116065343221028e-06,5.960464477539063e-08,1.6808509826660156e-05,0.3333333333333333,0.00012544288135056073,0.00033976565464399755,0.002070279350416371,6,False
0,0,1000,3748377,large_only_random,9.934107462565104e-09,0.0,5.960464477539063e-08,0.0,9.070369439238371e-06,1.0583939001662657e-05,0.00010679792363651093,6,False
0,0,1000,3752753,large_only_random,-6.953875223795573e-08,0.0,0.0,0.0,2.5645923415140714e-05,2.671254515007604e-05,0.00030112811982145143,6,False
0,0,1000,3778176,large_final_missed,4.202127456665039e-06,4.231929779052734e-06,1.0848045349121094e-05,0.16666666666666666,0.0006274206243688241,0.0009080631425604224,0.0062391163082793355,6,False
0,0,1000,3881965,large_final_missed,1.2616316477457683e-06,1.1026859283447266e-06,3.933906555175781e-06,0.0,0.00013628210278208522,0.00027177727315574884,0.002252558728463564,6,False
0,0,1000,3885720,large_final_missed,8.453925450642904e-06,1.0609626770019531e-05,1.519918441772461e-05,0.6666666666666666,0.0008035271603148431,0.0008718426106497645,0.00957809363414223,6,True
0,0,1000,3910228,large_only_random,-9.934107462565104e-09,0.0,0.0,0.0,-7.345474417282578e-05,-6.987509550526738e-05,1.0000000116860974e-07,6,False
0,0,1000,3924255,large_final_missed,1.9868214925130207e-08,0.0,1.1920928955078125e-07,0.0,1.6479452218239505e-05,2.5375909899594262e-05,0.00017631054748079578,6,False
0,0,1000,3925408,large_final_missed,1.893440882364909e-05,2.3365020751953125e-05,2.9742717742919922e-05,0.6666666666666666,0.001362132413002352,0.0013739580754190683,0.01623293844750151,6,True
0,0,1000,3938745,large_top_signal,-2.7815500895182293e-07,0.0,1.0132789611816406e-06,0.0,7.938341271559086e-05,9.949770173989236e-05,0.0009357665572018448,6,False
0,0,1000,3938746,large_final_missed,-5.066394805908203e-07,5.960464477539063e-08,5.960464477539062e-07,0.0,7.619983928937775e-05,8.804636308923364e-05,0.0008407654506245402,6,False
0,0,1000,3938996,large_top_signal,0.0,0.0,0.0,0.0,-1.3620844280618863e-05,3.3435397199355066e-05,9.486465263464083e-05,6,False
0,0,1000,3939117,large_final_missed,9.238719940185547e-07,8.940696716308594e-07,3.3974647521972656e-06,0.0,0.00018181830091634765,0.0002538261760491878,0.0021844576476723887,6,False
0,0,1000,3939119,large_top_signal,2.1855036417643228e-07,0.0,1.1324882507324219e-06,0.0,2.1036458216864656e-05,0.00010110046423505992,0.00032725463180701314,6,False
